Workbook

Sheet 予選
A1: サンプル
J2: 日程 | M2: ： | O2: 令和７年９月23日（祝）予備日９月３０日（土）
J3: 会場 | M3: ： | O3: ヤマタスポーツパークテニスコート 予備日：千代コート
F5: （１） 予選・決勝共ノーアドバンテージ・６ゲームマッチ（６-６タイブレーク） ※5チームリーグ別記
F6: （２） 予選リーグ試合順… | N6: ①-② ③-④ ①-③ ②-④ ①-④ ②-③ ※5チームリーグ別記
F7: （３） リーグ戦の順位決定方法 | P7: 勝率が同じペアが２つのとき：対戦勝者が上位
P8: 勝率が同じペアが３つのとき：取得ゲーム率が高いペアが上位とします。
F9: （４） 各リーグの2番目のペアに、そのリーグの進行管理をお願いします。
F10: （５） 大会当日の棄権があった場合、予選リーグの試合方式を変更する場合があります。
F11: （６） 雨天の場合の問い合わせ先 鳥取市テニス協会 080-1354-0278
F12: （７） ペア変更については期日までに連絡を頂ければ許可致します。（両ペア変更不可・市登録者に限る）
B13: 連絡先・締切 ９月21日(日) FAX 0857-59-1837のみで受付
B14: ■予選リーグ | P14: AM8:00 開場、AM8:45 受付終了、AM9:00 試合開始2 6ゲームマッチ（6-6ﾀｲﾌﾞﾚｰｸ・ﾉｰｱﾄﾞﾊﾞﾝﾃｰｼﾞ）
B15: Aリーグ | G15: 1 | H15: 藤田 智博 | K15: Love ALL | O15: 2 | P15: 岸本 健悟 | S15: オレンジ | W15: 3 | X15: 西山 禎侑 | AA15: ｄｏＭｅ | AE15: 4 | AF15: 三宅 諒弥 | AI15: 鳥取銀行
B16: 1コート | H16: 山根 陽子 | K16: フリー | P16: 三浦 舞子 | S16: サニーＴＳ | X16: 小林 さえ子 | AA16: カプリス | AF16: 山本 桂 | AI16: たんぽぽ
B17: Bリーグ | G17: 5 | H17: 常村 和仁 | K17: 完熟オレンジ | O17: 6 | P17: 山辺 裕司 | S17: ｄｏＭｅ | W17: 7 | X17: 高垣 護 | AA17: Drop☆Shot | AE17: 8 | AF17: 津田 智広 | AI17: ノーレット７
B18: ２コート | H18: 前田 良枝 | K18: Ｚｏｎｅ | P18: 蓼本 裕美 | S18: ｄｏＭｅ | X18: 門脇 春美 | AA18: あみたま | AF18: 米谷 さおり | AI18: フリー
B19: Cリーグ | G19: 9 | H19: 近藤 哲生 | K19: 因幡打輪 | O19: 10 | P19: 林原 政幸 | S19: フリー | W19: 11 | X19: 和気 久 | AA19: ＢＳＣ | AE19: 12 | AF19: 山下 悠樹 | AI19: ｏｆｆ
B20: ３コート | H20: 前田 陽子 | K20: フリー | P20: 林原 史子 | S20: フリー | X20: 長川 朱美 | AA20: ロランギャロス | AF20: 田苗 真里 | AI20: フリー
B21: Dリーグ | G21: 13 | H21: 小谷 桂介 | K21: Ｔ-nuts | O21: 14 | P21: 中里 海 | S21: 湖山池ＴＣ | W21: 15 | X21: 網川 忠之 | AA21: フリー | AE21: 16 | AF21: 羽馬 由和 | AI21: オレンジ
B22: ４コート | H22: 小谷 佐知子 | K22: Ｔ-nuts | P22: 市川 朋子 | S22: あみたま | X22: 網川佐知子 | AA22: フリー | AF22: 杉原 三奈 | AI22: ジュピター
B23: Eリーグ | G23: 17 | H23: 谷本 卓也 | K23: ｄｏＭｅ | O23: 18 | P23: 田中 憲一 | S23: ポップテニスプラス | W23: 19 | X23: 椿 誠 | AA23: フリー | AE23: 20 | AF23: 町田 正雄 | AI23: 因幡打輪
B24: ５コート | H24: 谷口 圭子 | K24: レイリー | P24: 山﨑 弥生 | S24: 鳥取銀行 | X24: 椿 保奈瀬 | AA24: フリー | AF24: 町田 聖子 | AI24: 因幡打輪
B25: Fリーグ | G25: 21 | H25: 杉野 隆志 | K25: アスペック | O25: 22 | P25: 小谷神一郎 | S25: フリー | W25: 23 | X25: 朝倉章順 | AA25: ロランギャロス | AE25: 24 | AF25: 山本 和弥 | AI25: オレンジ
B26: ６･7コート | H26: 中村 公恵 | K26: 田園 | P26: 青木 楓 | S26: フリー | X26: 朝倉加世子 | AA26: ロランギャロス | AF26: 濱田 久美 | AI26: フリー
B27: Gリーグ | G27: 25 | H27: 米村 琢巳 | K27: フリー | O27: 26 | P27: 松原 成哉 | S27: ｄｏＭｅ | W27: 27 | X27: 田中 達也 | AA27: たんぽぽ | AE27: 28 | AF27: 中村 匡延 | AI27: プラセール
B28: 8コート | H28: 佐藤 陽子 | K28: ウィード | P28: 宮島 依吹 | S28: ｄｏＭｅ | X28: 田渕 夕起子 | AA28: ポップテニスプラス | AF28: 伊吹 優子 | AI28: ノーレット７
B29: Hリーグ | G29: 29 | H29: 小川 拓 | K29: プラセール | O29: 30 | P29: 坪上 雄太 | S29: メテオスマッシュ | W29: 31 | X29: 砂原 翔 | AA29: ｏｆｆ | AE29: 32 | AF29: 外園 真都 | AI29: 鳥取環境大
B30: 9コート | H30: 山内 恵子 | K30: プラセール | P30: 高垣 雅美 | S30: レイリー | X30: 藤田登紀子 | AA30: フリー | AF30: 船越 海希 | AI30: 鳥取環境大
B31: I リーグ | G31: 33 | H31: 山口 辰之 | K31: サニーＴＳ | O31: 34 | P31: 高木 道大 | S31: 因幡打輪 | W31: 35 | X31: 橋本 真也 | AA31: Drop☆Shot | AE31: 36 | AF31: 西口 幸雄 | AI31: プラセール
B32: 10コート | H32: 宮本 真有 | K32: デネブ | P32: 北脇 禎恵 | S32: フリー | X32: 馬嶋由美子 | AA32: フリー | AF32: 西口 栄子 | AI32: プラセール
B33: Jリーグ | G33: 37 | H33: 細川 善貴 | K33: ｄｏＭｅ | O33: 38 | P33: 柳武 剛 | S33: Vivace | W33: 39 | X33: 盛本 貴之 | AA33: カプリス | AE33: 40 | AF33: 高木 克憲 | AI33: ｏｆｆ
B34: 11コート | H34: 厨子沙也香 | K34: フリー | P34: 鳥飼 明子 | S34: フリー | X34: 仲曽真由美 | AA34: BSC | AF34: 田中 好美 | AI34: あみたま
B35: Kリーグ | G35: 41 | H35: 丸川 康生 | K35: 因幡打輪 | O35: 42 | P35: 田中 久夫 | S35: カプリス | W35: 43 | X35: 難波 隆顕 | AA35: プラセール | AE35: 44 | AF35: 檜垣 直斗 | AI35: フリー
B36: 12コート | H36: 山根 崇子 | K36: フリー | P36: 林 京子 | S36: フリー | X36: 森 順子 | AA36: フリー | AF36: 橋本 舞子 | AI36: スポーツショップハート
G37: 45 | H37: 小椋 浩二 | K37: てーくおふ | O37: 46 | P37: 住吉 俊輝 | S37: プラセール | W37: 47 | X37: 吉田 浩士 | AA37: ノーレット７ | AE37: 48 | AF37: 藤田 和幸 | AI37: フリー
B38: Lリーグ | H38: 前田美由紀 | K38: てーくおふ | P38: 福浜美佐緒 | S38: プラセール | X38: 岡田 友子 | AA38: ノーレット７ | AF38: 藤田 美和 | AI38: フリー
B39: 13･14コート | G39: 49 | H39: 清水 貴志 | K39: フリー | O39: ■６ゲーム先取（ノーアドバンテージ） ■試合順：①-② ③-④ ①-⑤ ②-③ ①-④ ②-⑤ ③-⑤ ②-④ ④-⑤ ①-③ ■49番のペアの方は4チームリーグに欠場が出た場合、移動して頂く場合が有ります。
H40: 大田 陽子 | K40: たんぽぽ
G41: 50 | H41: 竹安 秀平 | K41: ＲｅＦｌｅｘ | O41: 51 | P41: 橋本 義斉 | S41: Drop☆Shot | W41: 52 | X41: 井嶋 昭二 | AA41: RedHotChiliPeppers | AE41: 53 | AF41: 吉田 拳士 | AI41: サニーテニス
B42: Mリーグ | H42: 楠瀬 翔子 | K42: アポロＴＣ | P42: 今城 由美 | S42: レイリー | X42: 高木 美穂 | AA42: ラフ | AF42: 吉田 由乃 | AI42: サニーテニス
B43: 15･16コート | G43: 54 | H43: 遠藤 絢弥 | K43: フリー | O43: ■６ゲーム先取（ノーアドバンテージ） ■試合順：①-② ③-④ ①-⑤ ②-③ ①-④ ②-⑤ ③-⑤ ②-④ ④-⑤ ①-③ ■54番のペアの方は4チームリーグに欠場が出た場合、移動して頂く場合が有ります。
H44: 遠藤 夏希 | K44: 湖山池ＴＣ

Sheet リスト
A1: リーグ | B1: 番号 | C1: 名前 | D1: 所属 | E1: リーグ*順位 | F1: 番号 | G1: 順位
A2: A | B2: 1-1 | C2: 藤田 智博 | D2: Love ALL | E2: =A2&G2 -> A1 | F2: =LEFT(B2, FIND("-", B2) - 1) -> 1 | G2: =LEFT(VLOOKUP(VALUE(F2),'予選L結果'!$B$4:$L$165,11, FALSE),1) -> 1
A3: A | B3: 1-2 | C3: 山根 陽子 | D3: フリー | E3: =A3&G3 -> A1 | F3: =LEFT(B3, FIND("-", B3) - 1) -> 1 | G3: =LEFT(VLOOKUP(VALUE(F3),'予選L結果'!$B$4:$L$165,11, FALSE),1) -> 1
A4: A | B4: 2-1 | C4: 岸本 健悟 | D4: オレンジ | E4: =A4&G4 -> A2 | F4: =LEFT(B4, FIND("-", B4) - 1) -> 2 | G4: =LEFT(VLOOKUP(VALUE(F4),'予選L結果'!$B$4:$L$165,11, FALSE),1) -> 2
A5: A | B5: 2-2 | C5: 三浦 舞子 | D5: サニーＴＳ | E5: =A5&G5 -> A2 | F5: =LEFT(B5, FIND("-", B5) - 1) -> 2 | G5: =LEFT(VLOOKUP(VALUE(F5),'予選L結果'!$B$4:$L$165,11, FALSE),1) -> 2
A6: A | B6: 3-1 | C6: 西山 禎侑 | D6: ｄｏＭｅ | E6: =A6&G6 -> A3 | F6: =LEFT(B6, FIND("-", B6) - 1) -> 3 | G6: =LEFT(VLOOKUP(VALUE(F6),'予選L結果'!$B$4:$L$165,11, FALSE),1) -> 3
A7: A | B7: 3-2 | C7: 小林 さえ子 | D7: カプリス | E7: =A7&G7 -> A3 | F7: =LEFT(B7, FIND("-", B7) - 1) -> 3 | G7: =LEFT(VLOOKUP(VALUE(F7),'予選L結果'!$B$4:$L$165,11, FALSE),1) -> 3
A8: A | B8: 4-1 | C8: 三宅 諒弥 | D8: 鳥取銀行 | E8: =A8&G8 -> A4 | F8: =LEFT(B8, FIND("-", B8) - 1) -> 4 | G8: =LEFT(VLOOKUP(VALUE(F8),'予選L結果'!$B$4:$L$165,11, FALSE),1) -> 4
A9: A | B9: 4-2 | C9: 山本 桂 | D9: たんぽぽ | E9: =A9&G9 -> A4 | F9: =LEFT(B9, FIND("-", B9) - 1) -> 4 | G9: =LEFT(VLOOKUP(VALUE(F9),'予選L結果'!$B$4:$L$165,11, FALSE),1) -> 4
A10: B | B10: 5-1 | C10: 常村 和仁 | D10: 完熟オレンジ | E10: =A10&G10 -> B1 | F10: =LEFT(B10, FIND("-", B10) - 1) -> 5 | G10: =LEFT(VLOOKUP(VALUE(F10),'予選L結果'!$B$4:$L$165,11, FALSE),1) -> 1
A11: B | B11: 5-2 | C11: 前田 良枝 | D11: Ｚｏｎｅ | E11: =A11&G11 -> B1 | F11: =LEFT(B11, FIND("-", B11) - 1) -> 5 | G11: =LEFT(VLOOKUP(VALUE(F11),'予選L結果'!$B$4:$L$165,11, FALSE),1) -> 1
A12: B | B12: 6-1 | C12: 山辺 裕司 | D12: ｄｏＭｅ | E12: =A12&G12 -> B2 | F12: =LEFT(B12, FIND("-", B12) - 1) -> 6 | G12: =LEFT(VLOOKUP(VALUE(F12),'予選L結果'!$B$4:$L$165,11, FALSE),1) -> 2
A13: B | B13: 6-2 | C13: 蓼本 裕美 | D13: ｄｏＭｅ | E13: =A13&G13 -> B2 | F13: =LEFT(B13, FIND("-", B13) - 1) -> 6 | G13: =LEFT(VLOOKUP(VALUE(F13),'予選L結果'!$B$4:$L$165,11, FALSE),1) -> 2
... A89: K | B89: 44-2 | C89: 橋本 舞子 | D89: スポーツショップハート | E89: =A89&G89 -> K4 | F89: =LEFT(B89, FIND("-", B89) - 1) -> 44 | G89: =LEFT(VLOOKUP(VALUE(F89),'予選L結果'!$B$4:$L$165,11, FALSE),1) -> 4
A90: L | B90: 45-1 | C90: 小椋 浩二 | D90: てーくおふ | E90: =A90&G90 -> L1 | F90: =LEFT(B90, FIND("-", B90) - 1) -> 45 | G90: =LEFT(VLOOKUP(VALUE(F90),'予選L結果(2)'!$B$4:$M$36,12, FALSE),1) -> 1
A91: L | B91: 45-2 | C91: 前田 美由紀 | D91: てーくおふ | E91: =A91&G91 -> L1 | F91: =LEFT(B91, FIND("-", B91) - 1) -> 45 | G91: =LEFT(VLOOKUP(VALUE(F91),'予選L結果(2)'!$B$4:$M$36,12, FALSE),1) -> 1
A92: L | B92: 46-1 | C92: 住吉 俊輝 | D92: プラセール | E92: =A92&G92 -> L2 | F92: =LEFT(B92, FIND("-", B92) - 1) -> 46 | G92: =LEFT(VLOOKUP(VALUE(F92),'予選L結果(2)'!$B$4:$M$36,12, FALSE),1) -> 2
A93: L | B93: 46-2 | C93: 福浜 美佐緒 | D93: プラセール | E93: =A93&G93 -> L2 | F93: =LEFT(B93, FIND("-", B93) - 1) -> 46 | G93: =LEFT(VLOOKUP(VALUE(F93),'予選L結果(2)'!$B$4:$M$36,12, FALSE),1) -> 2
A94: L | B94: 47-1 | C94: 吉田 浩士 | D94: ノーレット７ | E94: =A94&G94 -> L3 | F94: =LEFT(B94, FIND("-", B94) - 1) -> 47 | G94: =LEFT(VLOOKUP(VALUE(F94),'予選L結果(2)'!$B$4:$M$36,12, FALSE),1) -> 3
A95: L | B95: 47-2 | C95: 岡田 友子 | D95: ノーレット７ | E95: =A95&G95 -> L3 | F95: =LEFT(B95, FIND("-", B95) - 1) -> 47 | G95: =LEFT(VLOOKUP(VALUE(F95),'予選L結果(2)'!$B$4:$M$36,12, FALSE),1) -> 3
A96: L | B96: 48-1 | C96: 藤田 和幸 | D96: フリー | E96: =A96&G96 -> L4 | F96: =LEFT(B96, FIND("-", B96) - 1) -> 48 | G96: =LEFT(VLOOKUP(VALUE(F96),'予選L結果(2)'!$B$4:$M$36,12, FALSE),1) -> 4
A97: L | B97: 48-2 | C97: 藤田 美和 | D97: フリー | E97: =A97&G97 -> L4 | F97: =LEFT(B97, FIND("-", B97) - 1) -> 48 | G97: =LEFT(VLOOKUP(VALUE(F97),'予選L結果(2)'!$B$4:$M$36,12, FALSE),1) -> 4
A98: L | B98: 49-1 | C98: 清水 貴志 | D98: フリー | E98: =A98&G98 -> L5 | F98: =LEFT(B98, FIND("-", B98) - 1) -> 49 | G98: =LEFT(VLOOKUP(VALUE(F98),'予選L結果(2)'!$B$4:$M$36,12, FALSE),1) -> 5
A99: L | B99: 49-2 | C99: 大田 陽子 | D99: たんぽぽ | E99: =A99&G99 -> L5 | F99: =LEFT(B99, FIND("-", B99) - 1) -> 49 | G99: =LEFT(VLOOKUP(VALUE(F99),'予選L結果(2)'!$B$4:$M$36,12, FALSE),1) -> 5
A100: M | B100: 50-1 | C100: 竹安 秀平 | D100: ＲｅＦｌｅｘ | E100: =A100&G100 -> M1 | F100: =LEFT(B100, FIND("-", B100) - 1) -> 50 | G100: =LEFT(VLOOKUP(VALUE(F100),'予選L結果(2)'!$B$4:$M$36,12, FALSE),1) -> 1
A101: M | B101: 50-2 | C101: 楠瀬 翔子 | D101: アポロＴＣ | E101: =A101&G101 -> M1 | F101: =LEFT(B101, FIND("-", B101) - 1) -> 50 | G101: =LEFT(VLOOKUP(VALUE(F101),'予選L結果(2)'!$B$4:$M$36,12, FALSE),1) -> 1
... A109: M | B109: 54-2 | C109: 遠藤 夏希 | D109: 湖山池ＴＣ | E109: =A109&G109 -> M4 | F109: =LEFT(B109, FIND("-", B109) - 1) -> 54 | G109: =LEFT(VLOOKUP(VALUE(F109),'予選L結果(2)'!$B$4:$M$36,12, FALSE),1) -> 4

Sheet 予選L結果
B2: A | E2: リーグ | I2: =TRIM('予選'!$A$1) -> サンプル
B3: 選手名 | G3: =LEFT(C4, FIND(" ", C4 & " ") - 1) & "・" & LEFT(C6, FIND(" ", C6 & " ") - 1) -> 藤田・山根 | H3: =LEFT(C7, FIND(" ", C7 & " ") - 1) & "・" & LEFT(C9, FIND(" ", C9 & " ") - 1) -> 岸本・三浦 | I3: =LEFT(C10, FIND(" ", C10 & " ") - 1) & "・" & LEFT(C12, FIND(" ", C12 & " ") - 1) -> 西山・小林 | J3: =LEFT(C13, FIND(" ", C13 & " ") - 1) & "・" & LEFT(C15, FIND(" ", C15 & " ") - 1) -> 三宅・山本 | K3: 勝敗 | L3: 順位 | N3: 勝数 | O3: 勝率 | P3: 直接対決 | Q3: 判定 | R3: 順位
B4: 1 | C4: =IFERROR(VLOOKUP(B4&"-"&1,'リスト'!$B:$D,2,FALSE),"") -> 藤田 智博 | F4: =IFERROR(VLOOKUP(B4&"-"&1,'リスト'!$B:$D,3,FALSE),"") -> Love ALL | G4: =IFERROR(__xludf.DUMMYFUNCTION("SPARKLINE({1,0})"),"") | H4: 6-0 | I4: 6-0 | J4: 4-6 | K4: =IFERROR(__xludf.DUMMYFUNCTION("SUMPRODUCT(--(REGEXMATCH(TO_TEXT(G4:J4), ""-"")), IFERROR(--(LEFT(G4:J4,FIND(""-"",G4:J4)-1)>RIGHT(G4:J4,LEN(G4:J4)-FIND(""-"",G4:J4))),0)) & ""-"" & SUMPRODUCT(--(REGEXMATCH(TO_TEXT(G4:J4), ""-"")), IFERROR(--(LEFT(G4:J4,FIND(""-"",G4:J4)-1)<RIGHT(G4:J4,"&"LEN(G4:J4)-FIND(""-"",G4:J4))),0))"),"2-1") -> 2-1 | L4: =IF(COUNTA(G4,G7,G10,G13,H4,H7,H10,H13,I4,I7,I10,I13,J4,J7,J10,J13)=16,R4,"") -> 1位 | N4: =IFERROR(VALUE(LEFT(K4,FIND("-",K4)-1)),-1) -> 2 | O4: =SUMPRODUCT(IFERROR(--(LEFT(G4:J4,FIND("-",G4:J4)-1)),0)) & "/" & (SUMPRODUCT(IFERROR(--(LEFT(G4:J4,FIND("-",G4:J4)-1)),0)) + SUMPRODUCT(IFERROR(--(RIGHT(G4:J4,LEN(G4:J4)-FIND("-",G4:J4))),0))) -> 16/22 | P4: =IF((COUNTIF($N4,N4)+COUNTIF($N7,N4)+COUNTIF($N10,N4)+COUNTIF($N13,N4))=2, IFERROR(IFS(N4=$N7,IF(VALUE(LEFT(H4,FIND("-",H4)-1))>VALUE(RIGHT(H4,LEN(H4)-FIND("-",H4))),1,0), N4=$N10,IF(VALUE(LEFT(I4,FIND("-",I4)-1))>VALUE(RIGHT(I4,LEN(I4)-FIND("-",I4))),1,0), N4=$N13,IF(VALUE(LEFT(J4,FIND("-",J4)-1))>VALUE(RIGHT(J4,LEN(J4)-FIND("-",J4))),1,0)), ""), "") -> 1 | Q4: {=N4+IF(SUMPRODUCT(--({$N4;$N7;$N10;$N13}=N4))=2,P4*0.1,IF(SUMPRODUCT(--({$N4;$N7;$N10;$N13}=N4))>=3,O5*0.01,0))} -> 2.1 | R4: {=_xlfn.RANK.EQ(Q4, {$Q4;$Q7;$Q10;$Q13}) & "位"} -> 1位
O5: =IFERROR( SUMPRODUCT(IFERROR(--(LEFT(G4:J4,FIND("-",G4:J4)-1)),0)) / (SUMPRODUCT(IFERROR(--(LEFT(G4:J4,FIND("-",G4:J4)-1)),0)) + SUMPRODUCT(IFERROR(--(RIGHT(G4:J4,LEN(G4:J4)-FIND("-",G4:J4))),0))) , 0) -> 0.72727273
C6: =IFERROR(VLOOKUP(B4&"-"&2,'リスト'!$B:$D,2,FALSE),"") -> 山根 陽子 | F6: =IFERROR(VLOOKUP(B4&"-"&2,'リスト'!$B:$D,3,FALSE),"") -> フリー
B7: 2 | C7: =IFERROR(VLOOKUP(B7&"-"&1,'リスト'!$B:$D,2,FALSE),"") -> 岸本 健悟 | F7: =IFERROR(VLOOKUP(B7&"-"&1,'リスト'!$B:$D,3,FALSE),"") -> オレンジ | G7: =IFERROR(MID(H4, FIND("-", H4) + 1, 100) & "-" & LEFT(H4, FIND("-", H4) - 1), "") -> 0-6 | H7: =IFERROR(__xludf.DUMMYFUNCTION("SPARKLINE({1,0})"),"") | I7: 6-0 | J7: 6-5 | K7: =IFERROR(__xludf.DUMMYFUNCTION("SUMPRODUCT(--(REGEXMATCH(TO_TEXT(G7:J7), ""-"")), IFERROR(--(LEFT(G7:J7,FIND(""-"",G7:J7)-1)>RIGHT(G7:J7,LEN(G7:J7)-FIND(""-"",G7:J7))),0)) & ""-"" & SUMPRODUCT(--(REGEXMATCH(TO_TEXT(G7:J7), ""-"")), IFERROR(--(LEFT(G7:J7,FIND(""-"",G7:J7)-1)<RIGHT(G7:J7,"&"LEN(G7:J7)-FIND(""-"",G7:J7))),0))"),"2-1") -> 2-1 | L7: =IF(COUNTA(G4,G7,G10,G13,H4,H7,H10,H13,I4,I7,I10,I13,J4,J7,J10,J13)=16,R7,"") -> 2位 | N7: =IFERROR(VALUE(LEFT(K7,FIND("-",K7)-1)),-1) -> 2 | O7: =SUMPRODUCT(IFERROR(--(LEFT(G7:J7,FIND("-",G7:J7)-1)),0)) & "/" & (SUMPRODUCT(IFERROR(--(LEFT(G7:J7,FIND("-",G7:J7)-1)),0)) + SUMPRODUCT(IFERROR(--(RIGHT(G7:J7,LEN(G7:J7)-FIND("-",G7:J7))),0))) -> 12/23 | P7: =IF((COUNTIF($N4,N7)+COUNTIF($N7,N7)+COUNTIF($N10,N7)+COUNTIF($N13,N7))=2, IFERROR(IFS(N7=$N4,IF(VALUE(LEFT(G7,FIND("-",G7)-1))>VALUE(RIGHT(G7,LEN(G7)-FIND("-",G7))),1,0), N7=$N10,IF(VALUE(LEFT(I7,FIND("-",I7)-1))>VALUE(RIGHT(I7,LEN(I7)-FIND("-",I7))),1,0), N7=$N13,IF(VALUE(LEFT(J7,FIND("-",J7)-1))>VALUE(RIGHT(J7,LEN(J7)-FIND("-",J7))),1,0)), ""), "") -> 0 | Q7: {=N7+IF(SUMPRODUCT(--({$N4;$N7;$N10;$N13}=N7))=2,P7*0.1,IF(SUMPRODUCT(--({$N4;$N7;$N10;$N13}=N7))>=3,O8*0.01,0))} -> 2 | R7: {=_xlfn.RANK.EQ(Q7, {$Q4;$Q7;$Q10;$Q13}) & "位"} -> 2位
O8: =IFERROR( SUMPRODUCT(IFERROR(--(LEFT(G7:J7,FIND("-",G7:J7)-1)),0)) / (SUMPRODUCT(IFERROR(--(LEFT(G7:J7,FIND("-",G7:J7)-1)),0)) + SUMPRODUCT(IFERROR(--(RIGHT(G7:J7,LEN(G7:J7)-FIND("-",G7:J7))),0))) , 0) -> 0.52173913
C9: =IFERROR(VLOOKUP(B7&"-"&2,'リスト'!$B:$D,2,FALSE),"") -> 三浦 舞子 | F9: =IFERROR(VLOOKUP(B7&"-"&2,'リスト'!$B:$D,3,FALSE),"") -> サニーＴＳ
B10: 3 | C10: =IFERROR(VLOOKUP(B10&"-"&1,'リスト'!$B:$D,2,FALSE),"") -> 西山 禎侑 | F10: =IFERROR(VLOOKUP(B10&"-"&1,'リスト'!$B:$D,3,FALSE),"") -> ｄｏＭｅ | G10: =IFERROR(MID(I4, FIND("-", I4) + 1, 100) & "-" & LEFT(I4, FIND("-", I4) - 1), "") -> 0-6 | H10: =IFERROR(MID(I7, FIND("-", I7) + 1, 100) & "-" & LEFT(I7, FIND("-", I7) - 1), "") -> 0-6 | I10: =IFERROR(__xludf.DUMMYFUNCTION("SPARKLINE({1,0})"),"") | J10: 6-2 | K10: =IFERROR(__xludf.DUMMYFUNCTION("SUMPRODUCT(--(REGEXMATCH(TO_TEXT(G10:J10), ""-"")), IFERROR(--(LEFT(G10:J10,FIND(""-"",G10:J10)-1)>RIGHT(G10:J10,LEN(G10:J10)-FIND(""-"",G10:J10))),0)) & ""-"" & SUMPRODUCT(--(REGEXMATCH(TO_TEXT(G10:J10), ""-"")), IFERROR(--(LEFT(G10:J10,FIND(""-"",G10:J1"&"0)-1)<RIGHT(G10:J10,LEN(G10:J10)-FIND(""-"",G10:J10))),0))"),"1-2") -> 1-2 | L10: =IF(COUNTA(G4,G7,G10,G13,H4,H7,H10,H13,I4,I7,I10,I13,J4,J7,J10,J13)=16,R10,"") -> 3位 | N10: =IFERROR(VALUE(LEFT(K10,FIND("-",K10)-1)),-1) -> 1 | O10: =SUMPRODUCT(IFERROR(--(LEFT(G10:J10,FIND("-",G10:J10)-1)),0)) & "/" & (SUMPRODUCT(IFERROR(--(LEFT(G10:J10,FIND("-",G10:J10)-1)),0)) + SUMPRODUCT(IFERROR(--(RIGHT(G10:J10,LEN(G10:J10)-FIND("-",G10:J10))),0))) -> 6/20 | P10: =IF((COUNTIF($N4,N10)+COUNTIF($N7,N10)+COUNTIF($N10,N10)+COUNTIF($N13,N10))=2, IFERROR(IFS(N10=$N4,IF(VALUE(LEFT(G10,FIND("-",G10)-1))>VALUE(RIGHT(G10,LEN(G10)-FIND("-",G10))),1,0), N10=$N7,IF(VALUE(LEFT(H10,FIND("-",H10)-1))>VALUE(RIGHT(H10,LEN(H10)-FIND("-",H10))),1,0), N10=$N13,IF(VALUE(LEFT(J10,FIND("-",J10)-1))>VALUE(RIGHT(J10,LEN(J10)-FIND("-",J10))),1,0)), ""), "") -> 1 | Q10: {=N10+IF(SUMPRODUCT(--({$N4;$N7;$N10;$N13}=N10))=2,P10*0.1,IF(SUMPRODUCT(--({$N4;$N7;$N10;$N13}=N10))>=3,O11*0.01,0))} -> 1.1 | R10: {=_xlfn.RANK.EQ(Q10, {$Q4;$Q7;$Q10;$Q13}) & "位"} -> 3位
O11: =IFERROR( SUMPRODUCT(IFERROR(--(LEFT(G10:J10,FIND("-",G10:J10)-1)),0)) / (SUMPRODUCT(IFERROR(--(LEFT(G10:J10,FIND("-",G10:J10)-1)),0)) + SUMPRODUCT(IFERROR(--(RIGHT(G10:J10,LEN(G10:J10)-FIND("-",G10:J10))),0))) , 0) -> 0.3
C12: =IFERROR(VLOOKUP(B10&"-"&2,'リスト'!$B:$D,2,FALSE),"") -> 小林 さえ子 | F12: =IFERROR(VLOOKUP(B10&"-"&2,'リスト'!$B:$D,3,FALSE),"") -> カプリス
B13: 4 | C13: =IFERROR(VLOOKUP(B13&"-"&1,'リスト'!$B:$D,2,FALSE),"") -> 三宅 諒弥 | F13: =IFERROR(VLOOKUP(B13&"-"&1,'リスト'!$B:$D,3,FALSE),"") -> 鳥取銀行 | G13: =IFERROR(MID(J4, FIND("-", J4) + 1, 100) & "-" & LEFT(J4, FIND("-", J4) - 1), "") -> 6-4 | H13: =IFERROR(MID(J7, FIND("-", J7) + 1, 100) & "-" & LEFT(J7, FIND("-", J7) - 1), "") -> 5-6 | I13: =IFERROR(MID(J10, FIND("-", J10) + 1, 100) & "-" & LEFT(J10, FIND("-", J10) - 1), "") -> 2-6 | J13: =IFERROR(__xludf.DUMMYFUNCTION("SPARKLINE({1,0})"),"") | K13: =IFERROR(__xludf.DUMMYFUNCTION("SUMPRODUCT(--(REGEXMATCH(TO_TEXT(G13:J13), ""-"")), IFERROR(--(LEFT(G13:J13,FIND(""-"",G13:J13)-1)>RIGHT(G13:J13,LEN(G13:J13)-FIND(""-"",G13:J13))),0)) & ""-"" & SUMPRODUCT(--(REGEXMATCH(TO_TEXT(G13:J13), ""-"")), IFERROR(--(LEFT(G13:J13,FIND(""-"",G13:J1"&"3)-1)<RIGHT(G13:J13,LEN(G13:J13)-FIND(""-"",G13:J13))),0))"),"1-2") -> 1-2 | L13: =IF(COUNTA(G4,G7,G10,G13,H4,H7,H10,H13,I4,I7,I10,I13,J4,J7,J10,J13)=16,R13,"") -> 4位 | N13: =IFERROR(VALUE(LEFT(K13,FIND("-",K13)-1)),-1) -> 1 | O13: =SUMPRODUCT(IFERROR(--(LEFT(G13:J13,FIND("-",G13:J13)-1)),0)) & "/" & (SUMPRODUCT(IFERROR(--(LEFT(G13:J13,FIND("-",G13:J13)-1)),0)) + SUMPRODUCT(IFERROR(--(RIGHT(G13:J13,LEN(G13:J13)-FIND("-",G13:J13))),0))) -> 13/29 | P13: =IF((COUNTIF($N4,N13)+COUNTIF($N7,N13)+COUNTIF($N10,N13)+COUNTIF($N13,N13))=2, IFERROR(IFS(N13=$N4,IF(VALUE(LEFT(G13,FIND("-",G13)-1))>VALUE(RIGHT(G13,LEN(G13)-FIND("-",G13))),1,0), N13=$N7,IF(VALUE(LEFT(H13,FIND("-",H13)-1))>VALUE(RIGHT(H13,LEN(H13)-FIND("-",H13))),1,0), N13=$N10,IF(VALUE(LEFT(I13,FIND("-",I13)-1))>VALUE(RIGHT(I13,LEN(I13)-FIND("-",I13))),1,0)), ""), "") -> 0 | Q13: {=N13+IF(SUMPRODUCT(--({$N4;$N7;$N10;$N13}=N13))=2,P13*0.1,IF(SUMPRODUCT(--({$N4;$N7;$N10;$N13}=N13))>=3,O14*0.01,0))} -> 1 | R13: {=_xlfn.RANK.EQ(Q13, {$Q4;$Q7;$Q10;$Q13}) & "位"} -> 4位
O14: =IFERROR( SUMPRODUCT(IFERROR(--(LEFT(G13:J13,FIND("-",G13:J13)-1)),0)) / (SUMPRODUCT(IFERROR(--(LEFT(G13:J13,FIND("-",G13:J13)-1)),0)) + SUMPRODUCT(IFERROR(--(RIGHT(G13:J13,LEN(G13:J13)-FIND("-",G13:J13))),0))) , 0) -> 0.44827586
C15: =IFERROR(VLOOKUP(B13&"-"&2,'リスト'!$B:$D,2,FALSE),"") -> 山本 桂 | F15: =IFERROR(VLOOKUP(B13&"-"&2,'リスト'!$B:$D,3,FALSE),"") -> たんぽぽ
B17: B | E17: リーグ | I17: =TRIM('予選'!$A$1) -> サンプル
B18: 選手名 | G18: =LEFT(C19, FIND(" ", C19 & " ") - 1) & "・" & LEFT(C21, FIND(" ", C21 & " ") - 1) -> 常村・前田 | H18: =LEFT(C22, FIND(" ", C22 & " ") - 1) & "・" & LEFT(C24, FIND(" ", C24 & " ") - 1) -> 山辺・蓼本 | I18: =LEFT(C25, FIND(" ", C25 & " ") - 1) & "・" & LEFT(C27, FIND(" ", C27 & " ") - 1) -> 高垣・門脇 | J18: =LEFT(C28, FIND(" ", C28 & " ") - 1) & "・" & LEFT(C30, FIND(" ", C30 & " ") - 1) -> 津田・米谷 | K18: 勝敗 | L18: 順位 | N18: 勝数 | O18: 勝率 | P18: 直接対決 | Q18: 判定 | R18: 順位
B19: =B4+4 -> 5 | C19: =IFERROR(VLOOKUP(B19&"-"&1,'リスト'!$B:$D,2,FALSE),"") -> 常村 和仁 | F19: =IFERROR(VLOOKUP(B19&"-"&1,'リスト'!$B:$D,3,FALSE),"") -> 完熟オレンジ | G19: =IFERROR(__xludf.DUMMYFUNCTION("SPARKLINE({1,0})"),"") | H19: 6-0 | I19: 6-0 | J19: 6-0 | K19: =IFERROR(__xludf.DUMMYFUNCTION("SUMPRODUCT(--(REGEXMATCH(TO_TEXT(G19:J19), ""-"")), IFERROR(--(LEFT(G19:J19,FIND(""-"",G19:J19)-1)>RIGHT(G19:J19,LEN(G19:J19)-FIND(""-"",G19:J19))),0)) & ""-"" & SUMPRODUCT(--(REGEXMATCH(TO_TEXT(G19:J19), ""-"")), IFERROR(--(LEFT(G19:J19,FIND(""-"",G19:J1"&"9)-1)<RIGHT(G19:J19,LEN(G19:J19)-FIND(""-"",G19:J19))),0))"),"3-0") -> 3-0 | L19: =IF(COUNTA(G19,G22,G25,G28,H19,H22,H25,H28,I19,I22,I25,I28,J19,J22,J25,J28)=16,R19,"") -> 1位 | N19: =IFERROR(VALUE(LEFT(K19,FIND("-",K19)-1)),-1) -> 3 | O19: =SUMPRODUCT(IFERROR(--(LEFT(G19:J19,FIND("-",G19:J19)-1)),0)) & "/" & (SUMPRODUCT(IFERROR(--(LEFT(G19:J19,FIND("-",G19:J19)-1)),0)) + SUMPRODUCT(IFERROR(--(RIGHT(G19:J19,LEN(G19:J19)-FIND("-",G19:J19))),0))) -> 18/18 | P19: =IF((COUNTIF($N19,N19)+COUNTIF($N22,N19)+COUNTIF($N25,N19)+COUNTIF($N28,N19))=2, IFERROR(IFS(N19=$N22,IF(VALUE(LEFT(H19,FIND("-",H19)-1))>VALUE(RIGHT(H19,LEN(H19)-FIND("-",H19))),1,0), N19=$N25,IF(VALUE(LEFT(I19,FIND("-",I19)-1))>VALUE(RIGHT(I19,LEN(I19)-FIND("-",I19))),1,0), N19=$N28,IF(VALUE(LEFT(J19,FIND("-",J19)-1))>VALUE(RIGHT(J19,LEN(J19)-FIND("-",J19))),1,0)), ""), "") | Q19: {=N19+IF(SUMPRODUCT(--({$N19;$N22;$N25;$N28}=N19))=2,P19*0.1,IF(SUMPRODUCT(--({$N19;$N22;$N25;$N28}=N19))>=3,O20*0.01,0))} -> 3 | R19: {=_xlfn.RANK.EQ(Q19, {$Q19;$Q22;$Q25;$Q28}) & "位"} -> 1位
O20: =IFERROR( SUMPRODUCT(IFERROR(--(LEFT(G19:J19,FIND("-",G19:J19)-1)),0)) / (SUMPRODUCT(IFERROR(--(LEFT(G19:J19,FIND("-",G19:J19)-1)),0)) + SUMPRODUCT(IFERROR(--(RIGHT(G19:J19,LEN(G19:J19)-FIND("-",G19:J19))),0))) , 0) -> 1
C21: =IFERROR(VLOOKUP(B19&"-"&2,'リスト'!$B:$D,2,FALSE),"") -> 前田 良枝 | F21: =IFERROR(VLOOKUP(B19&"-"&2,'リスト'!$B:$D,3,FALSE),"") -> Ｚｏｎｅ
B22: =B7+4 -> 6 | C22: =IFERROR(VLOOKUP(B22&"-"&1,'リスト'!$B:$D,2,FALSE),"") -> 山辺 裕司 | F22: =IFERROR(VLOOKUP(B22&"-"&1,'リスト'!$B:$D,3,FALSE),"") -> ｄｏＭｅ | G22: =IFERROR(MID(H19, FIND("-", H19) + 1, 100) & "-" & LEFT(H19, FIND("-", H19) - 1), "") -> 0-6 | H22: =IFERROR(__xludf.DUMMYFUNCTION("SPARKLINE({1,0})"),"") | I22: 6-0 | J22: 6-0 | K22: =IFERROR(__xludf.DUMMYFUNCTION("SUMPRODUCT(--(REGEXMATCH(TO_TEXT(G22:J22), ""-"")), IFERROR(--(LEFT(G22:J22,FIND(""-"",G22:J22)-1)>RIGHT(G22:J22,LEN(G22:J22)-FIND(""-"",G22:J22))),0)) & ""-"" & SUMPRODUCT(--(REGEXMATCH(TO_TEXT(G22:J22), ""-"")), IFERROR(--(LEFT(G22:J22,FIND(""-"",G22:J2"&"2)-1)<RIGHT(G22:J22,LEN(G22:J22)-FIND(""-"",G22:J22))),0))"),"2-1") -> 2-1 | L22: =IF(COUNTA(G19,G22,G25,G28,H19,H22,H25,H28,I19,I22,I25,I28,J19,J22,J25,J28)=16,R22,"") -> 2位 | N22: =IFERROR(VALUE(LEFT(K22,FIND("-",K22)-1)),-1) -> 2 | O22: =SUMPRODUCT(IFERROR(--(LEFT(G22:J22,FIND("-",G22:J22)-1)),0)) & "/" & (SUMPRODUCT(IFERROR(--(LEFT(G22:J22,FIND("-",G22:J22)-1)),0)) + SUMPRODUCT(IFERROR(--(RIGHT(G22:J22,LEN(G22:J22)-FIND("-",G22:J22))),0))) -> 12/18 | P22: =IF((COUNTIF($N19,N22)+COUNTIF($N22,N22)+COUNTIF($N25,N22)+COUNTIF($N28,N22))=2, IFERROR(IFS(N22=$N19,IF(VALUE(LEFT(G22,FIND("-",G22)-1))>VALUE(RIGHT(G22,LEN(G22)-FIND("-",G22))),1,0), N22=$N25,IF(VALUE(LEFT(I22,FIND("-",I22)-1))>VALUE(RIGHT(I22,LEN(I22)-FIND("-",I22))),1,0), N22=$N28,IF(VALUE(LEFT(J22,FIND("-",J22)-1))>VALUE(RIGHT(J22,LEN(J22)-FIND("-",J22))),1,0)), ""), "") | Q22: {=N22+IF(SUMPRODUCT(--({$N19;$N22;$N25;$N28}=N22))=2,P22*0.1,IF(SUMPRODUCT(--({$N19;$N22;$N25;$N28}=N22))>=3,O23*0.01,0))} -> 2 | R22: {=_xlfn.RANK.EQ(Q22, {$Q19;$Q22;$Q25;$Q28}) & "位"} -> 2位
O23: =IFERROR( SUMPRODUCT(IFERROR(--(LEFT(G22:J22,FIND("-",G22:J22)-1)),0)) / (SUMPRODUCT(IFERROR(--(LEFT(G22:J22,FIND("-",G22:J22)-1)),0)) + SUMPRODUCT(IFERROR(--(RIGHT(G22:J22,LEN(G22:J22)-FIND("-",G22:J22))),0))) , 0) -> 0.66666667
C24: =IFERROR(VLOOKUP(B22&"-"&2,'リスト'!$B:$D,2,FALSE),"") -> 蓼本 裕美 | F24: =IFERROR(VLOOKUP(B22&"-"&2,'リスト'!$B:$D,3,FALSE),"") -> ｄｏＭｅ
B25: =B10+4 -> 7 | C25: =IFERROR(VLOOKUP(B25&"-"&1,'リスト'!$B:$D,2,FALSE),"") -> 高垣 護 | F25: =IFERROR(VLOOKUP(B25&"-"&1,'リスト'!$B:$D,3,FALSE),"") -> Drop☆Shot | G25: =IFERROR(MID(I19, FIND("-", I19) + 1, 100) & "-" & LEFT(I19, FIND("-", I19) - 1), "") -> 0-6 | H25: =IFERROR(MID(I22, FIND("-", I22) + 1, 100) & "-" & LEFT(I22, FIND("-", I22) - 1), "") -> 0-6 | I25: =IFERROR(__xludf.DUMMYFUNCTION("SPARKLINE({1,0})"),"") | J25: 6-0 | K25: =IFERROR(__xludf.DUMMYFUNCTION("SUMPRODUCT(--(REGEXMATCH(TO_TEXT(G25:J25), ""-"")), IFERROR(--(LEFT(G25:J25,FIND(""-"",G25:J25)-1)>RIGHT(G25:J25,LEN(G25:J25)-FIND(""-"",G25:J25))),0)) & ""-"" & SUMPRODUCT(--(REGEXMATCH(TO_TEXT(G25:J25), ""-"")), IFERROR(--(LEFT(G25:J25,FIND(""-"",G25:J2"&"5)-1)<RIGHT(G25:J25,LEN(G25:J25)-FIND(""-"",G25:J25))),0))"),"1-2") -> 1-2 | L25: =IF(COUNTA(G19,G22,G25,G28,H19,H22,H25,H28,I19,I22,I25,I28,J19,J22,J25,J28)=16,R25,"") -> 3位 | N25: =IFERROR(VALUE(LEFT(K25,FIND("-",K25)-1)),-1) -> 1 | O25: =SUMPRODUCT(IFERROR(--(LEFT(G25:J25,FIND("-",G25:J25)-1)),0)) & "/" & (SUMPRODUCT(IFERROR(--(LEFT(G25:J25,FIND("-",G25:J25)-1)),0)) + SUMPRODUCT(IFERROR(--(RIGHT(G25:J25,LEN(G25:J25)-FIND("-",G25:J25))),0))) -> 6/18 | P25: =IF((COUNTIF($N19,N25)+COUNTIF($N22,N25)+COUNTIF($N25,N25)+COUNTIF($N28,N25))=2, IFERROR(IFS(N25=$N19,IF(VALUE(LEFT(G25,FIND("-",G25)-1))>VALUE(RIGHT(G25,LEN(G25)-FIND("-",G25))),1,0), N25=$N22,IF(VALUE(LEFT(H25,FIND("-",H25)-1))>VALUE(RIGHT(H25,LEN(H25)-FIND("-",H25))),1,0), N25=$N28,IF(VALUE(LEFT(J25,FIND("-",J25)-1))>VALUE(RIGHT(J25,LEN(J25)-FIND("-",J25))),1,0)), ""), "") | Q25: {=N25+IF(SUMPRODUCT(--({$N19;$N22;$N25;$N28}=N25))=2,P25*0.1,IF(SUMPRODUCT(--({$N19;$N22;$N25;$N28}=N25))>=3,O26*0.01,0))} -> 1 | R25: {=_xlfn.RANK.EQ(Q25, {$Q19;$Q22;$Q25;$Q28}) & "位"} -> 3位
O26: =IFERROR( SUMPRODUCT(IFERROR(--(LEFT(G25:J25,FIND("-",G25:J25)-1)),0)) / (SUMPRODUCT(IFERROR(--(LEFT(G25:J25,FIND("-",G25:J25)-1)),0)) + SUMPRODUCT(IFERROR(--(RIGHT(G25:J25,LEN(G25:J25)-FIND("-",G25:J25))),0))) , 0) -> 0.33333333
C27: =IFERROR(VLOOKUP(B25&"-"&2,'リスト'!$B:$D,2,FALSE),"") -> 門脇 春美 | F27: =IFERROR(VLOOKUP(B25&"-"&2,'リスト'!$B:$D,3,FALSE),"") -> あみたま
B28: =B13+4 -> 8 | C28: =IFERROR(VLOOKUP(B28&"-"&1,'リスト'!$B:$D,2,FALSE),"") -> 津田 智広 | F28: =IFERROR(VLOOKUP(B28&"-"&1,'リスト'!$B:$D,3,FALSE),"") -> ノーレット７ | G28: =IFERROR(MID(J19, FIND("-", J19) + 1, 100) & "-" & LEFT(J19, FIND("-", J19) - 1), "") -> 0-6 | H28: =IFERROR(MID(J22, FIND("-", J22) + 1, 100) & "-" & LEFT(J22, FIND("-", J22) - 1), "") -> 0-6 | I28: =IFERROR(MID(J25, FIND("-", J25) + 1, 100) & "-" & LEFT(J25, FIND("-", J25) - 1), "") -> 0-6 | J28: =IFERROR(__xludf.DUMMYFUNCTION("SPARKLINE({1,0})"),"") | K28: =IFERROR(__xludf.DUMMYFUNCTION("SUMPRODUCT(--(REGEXMATCH(TO_TEXT(G28:J28), ""-"")), IFERROR(--(LEFT(G28:J28,FIND(""-"",G28:J28)-1)>RIGHT(G28:J28,LEN(G28:J28)-FIND(""-"",G28:J28))),0)) & ""-"" & SUMPRODUCT(--(REGEXMATCH(TO_TEXT(G28:J28), ""-"")), IFERROR(--(LEFT(G28:J28,FIND(""-"",G28:J2"&"8)-1)<RIGHT(G28:J28,LEN(G28:J28)-FIND(""-"",G28:J28))),0))"),"0-3") -> 0-3 | L28: =IF(COUNTA(G19,G22,G25,G28,H19,H22,H25,H28,I19,I22,I25,I28,J19,J22,J25,J28)=16,R28,"") -> 4位 | N28: =IFERROR(VALUE(LEFT(K28,FIND("-",K28)-1)),-1) -> 0 | O28: =SUMPRODUCT(IFERROR(--(LEFT(G28:J28,FIND("-",G28:J28)-1)),0)) & "/" & (SUMPRODUCT(IFERROR(--(LEFT(G28:J28,FIND("-",G28:J28)-1)),0)) + SUMPRODUCT(IFERROR(--(RIGHT(G28:J28,LEN(G28:J28)-FIND("-",G28:J28))),0))) -> 0/18 | P28: =IF((COUNTIF($N19,N28)+COUNTIF($N22,N28)+COUNTIF($N25,N28)+COUNTIF($N28,N28))=2, IFERROR(IFS(N28=$N19,IF(VALUE(LEFT(G28,FIND("-",G28)-1))>VALUE(RIGHT(G28,LEN(G28)-FIND("-",G28))),1,0), N28=$N22,IF(VALUE(LEFT(H28,FIND("-",H28)-1))>VALUE(RIGHT(H28,LEN(H28)-FIND("-",H28))),1,0), N28=$N25,IF(VALUE(LEFT(I28,FIND("-",I28)-1))>VALUE(RIGHT(I28,LEN(I28)-FIND("-",I28))),1,0)), ""), "") | Q28: {=N28+IF(SUMPRODUCT(--({$N19;$N22;$N25;$N28}=N28))=2,P28*0.1,IF(SUMPRODUCT(--({$N19;$N22;$N25;$N28}=N28))>=3,O29*0.01,0))} -> 0 | R28: {=_xlfn.RANK.EQ(Q28, {$Q19;$Q22;$Q25;$Q28}) & "位"} -> 4位
O29: =IFERROR( SUMPRODUCT(IFERROR(--(LEFT(G28:J28,FIND("-",G28:J28)-1)),0)) / (SUMPRODUCT(IFERROR(--(LEFT(G28:J28,FIND("-",G28:J28)-1)),0)) + SUMPRODUCT(IFERROR(--(RIGHT(G28:J28,LEN(G28:J28)-FIND("-",G28:J28))),0))) , 0) -> 0
C30: =IFERROR(VLOOKUP(B28&"-"&2,'リスト'!$B:$D,2,FALSE),"") -> 米谷 さおり | F30: =IFERROR(VLOOKUP(B28&"-"&2,'リスト'!$B:$D,3,FALSE),"") -> フリー
B32: C | E32: リーグ | I32: =TRIM('予選'!$A$1) -> サンプル
B33: 選手名 | G33: =LEFT(C34, FIND(" ", C34 & " ") - 1) & "・" & LEFT(C36, FIND(" ", C36 & " ") - 1) -> 近藤・前田 | H33: =LEFT(C37, FIND(" ", C37 & " ") - 1) & "・" & LEFT(C39, FIND(" ", C39 & " ") - 1) -> 林原・林原 | I33: =LEFT(C40, FIND(" ", C40 & " ") - 1) & "・" & LEFT(C42, FIND(" ", C42 & " ") - 1) -> 和気・長川 | J33: =LEFT(C43, FIND(" ", C43 & " ") - 1) & "・" & LEFT(C45, FIND(" ", C45 & " ") - 1) -> 山下・田苗 | K33: 勝敗 | L33: 順位 | N33: 勝数 | O33: 勝率 | P33: 直接対決 | Q33: スコア | R33: 順位
B34: =B19+4 -> 9 | C34: =IFERROR(VLOOKUP(B34&"-"&1,'リスト'!$B:$D,2,FALSE),"") -> 近藤 哲生 | F34: =IFERROR(VLOOKUP(B34&"-"&1,'リスト'!$B:$D,3,FALSE),"") -> 因幡打輪 | G34: =IFERROR(__xludf.DUMMYFUNCTION("SPARKLINE({1,0})"),"") | H34: 0-0 | I34: 6-0 | J34: 6-0 | K34: =IFERROR(__xludf.DUMMYFUNCTION("SUMPRODUCT(--(REGEXMATCH(TO_TEXT(G34:J34), ""-"")), IFERROR(--(LEFT(G34:J34,FIND(""-"",G34:J34)-1)>RIGHT(G34:J34,LEN(G34:J34)-FIND(""-"",G34:J34))),0)) & ""-"" & SUMPRODUCT(--(REGEXMATCH(TO_TEXT(G34:J34), ""-"")), IFERROR(--(LEFT(G34:J34,FIND(""-"",G34:J3"&"4)-1)<RIGHT(G34:J34,LEN(G34:J34)-FIND(""-"",G34:J34))),0))"),"2-0") -> 2-0 | L34: =IF(COUNTA(G34,G37,G40,G43,H34,H37,H40,H43,I34,I37,I40,I43,J34,J37,J40,J43)=16,R34,"") -> 1位 | N34: =IFERROR(VALUE(LEFT(K34,FIND("-",K34)-1)),-1) -> 2 | O34: =SUMPRODUCT(IFERROR(--(LEFT(G34:J34,FIND("-",G34:J34)-1)),0)) & "/" & (SUMPRODUCT(IFERROR(--(LEFT(G34:J34,FIND("-",G34:J34)-1)),0)) + SUMPRODUCT(IFERROR(--(RIGHT(G34:J34,LEN(G34:J34)-FIND("-",G34:J34))),0))) -> 12/12 | P34: =IF((COUNTIF($N34,N34)+COUNTIF($N37,N34)+COUNTIF($N40,N34)+COUNTIF($N43,N34))=2, IFERROR(IFS(N34=$N37,IF(VALUE(LEFT(H34,FIND("-",H34)-1))>VALUE(RIGHT(H34,LEN(H34)-FIND("-",H34))),1,0), N34=$N40,IF(VALUE(LEFT(I34,FIND("-",I34)-1))>VALUE(RIGHT(I34,LEN(I34)-FIND("-",I34))),1,0), N34=$N43,IF(VALUE(LEFT(J34,FIND("-",J34)-1))>VALUE(RIGHT(J34,LEN(J34)-FIND("-",J34))),1,0)), ""), "") | Q34: {=N34+IF(SUMPRODUCT(--({$N34;$N37;$N40;$N43}=N34))=2,P34*0.1,IF(SUMPRODUCT(--({$N34;$N37;$N40;$N43}=N34))>=3,O35*0.01,0))} -> 2 | R34: {=_xlfn.RANK.EQ(Q34, {$Q34;$Q37;$Q40;$Q43}) & "位"} -> 1位
O35: =IFERROR( SUMPRODUCT(IFERROR(--(LEFT(G34:J34,FIND("-",G34:J34)-1)),0)) / (SUMPRODUCT(IFERROR(--(LEFT(G34:J34,FIND("-",G34:J34)-1)),0)) + SUMPRODUCT(IFERROR(--(RIGHT(G34:J34,LEN(G34:J34)-FIND("-",G34:J34))),0))) , 0) -> 1
C36: =IFERROR(VLOOKUP(B34&"-"&2,'リスト'!$B:$D,2,FALSE),"") -> 前田 陽子 | F36: =IFERROR(VLOOKUP(B34&"-"&2,'リスト'!$B:$D,3,FALSE),"") -> フリー
B37: =B22+4 -> 10 | C37: =IFERROR(VLOOKUP(B37&"-"&1,'リスト'!$B:$D,2,FALSE),"") -> 林原 政幸 | F37: =IFERROR(VLOOKUP(B37&"-"&1,'リスト'!$B:$D,3,FALSE),"") -> フリー | G37: =IFERROR(MID(H34, FIND("-", H34) + 1, 100) & "-" & LEFT(H34, FIND("-", H34) - 1), "") -> 0-0 | H37: =IFERROR(__xludf.DUMMYFUNCTION("SPARKLINE({1,0})"),"") | I37: 0-0 | J37: 0-0 | K37: =IFERROR(__xludf.DUMMYFUNCTION("SUMPRODUCT(--(REGEXMATCH(TO_TEXT(G37:J37), ""-"")), IFERROR(--(LEFT(G37:J37,FIND(""-"",G37:J37)-1)>RIGHT(G37:J37,LEN(G37:J37)-FIND(""-"",G37:J37))),0)) & ""-"" & SUMPRODUCT(--(REGEXMATCH(TO_TEXT(G37:J37), ""-"")), IFERROR(--(LEFT(G37:J37,FIND(""-"",G37:J3"&"7)-1)<RIGHT(G37:J37,LEN(G37:J37)-FIND(""-"",G37:J37))),0))"),"0-0") -> 0-0 | L37: W.O | N37: =IFERROR(VALUE(LEFT(K37,FIND("-",K37)-1)),-1) -> 0 | O37: =SUMPRODUCT(IFERROR(--(LEFT(G37:J37,FIND("-",G37:J37)-1)),0)) & "/" & (SUMPRODUCT(IFERROR(--(LEFT(G37:J37,FIND("-",G37:J37)-1)),0)) + SUMPRODUCT(IFERROR(--(RIGHT(G37:J37,LEN(G37:J37)-FIND("-",G37:J37))),0))) -> 0/0 | P37: =IF((COUNTIF($N34,N37)+COUNTIF($N37,N37)+COUNTIF($N40,N37)+COUNTIF($N43,N37))=2, IFERROR(IFS(N37=$N34,IF(VALUE(LEFT(G37,FIND("-",G37)-1))>VALUE(RIGHT(G37,LEN(G37)-FIND("-",G37))),1,0), N37=$N40,IF(VALUE(LEFT(I37,FIND("-",I37)-1))>VALUE(RIGHT(I37,LEN(I37)-FIND("-",I37))),1,0), N37=$N43,IF(VALUE(LEFT(J37,FIND("-",J37)-1))>VALUE(RIGHT(J37,LEN(J37)-FIND("-",J37))),1,0)), ""), "") -> 0 | Q37: {=N37+IF(SUMPRODUCT(--({$N34;$N37;$N40;$N43}=N37))=2,P37*0.1,IF(SUMPRODUCT(--({$N34;$N37;$N40;$N43}=N37))>=3,O38*0.01,0))} -> 0 | R37: {=_xlfn.RANK.EQ(Q37, {$Q34;$Q37;$Q40;$Q43}) & "位"} -> 3位
O38: =IFERROR( SUMPRODUCT(IFERROR(--(LEFT(G37:J37,FIND("-",G37:J37)-1)),0)) / (SUMPRODUCT(IFERROR(--(LEFT(G37:J37,FIND("-",G37:J37)-1)),0)) + SUMPRODUCT(IFERROR(--(RIGHT(G37:J37,LEN(G37:J37)-FIND("-",G37:J37))),0))) , 0) -> 0
C39: =IFERROR(VLOOKUP(B37&"-"&2,'リスト'!$B:$D,2,FALSE),"") -> 林原 史子 | F39: =IFERROR(VLOOKUP(B37&"-"&2,'リスト'!$B:$D,3,FALSE),"") -> フリー
B40: =B25+4 -> 11 | C40: =IFERROR(VLOOKUP(B40&"-"&1,'リスト'!$B:$D,2,FALSE),"") -> 和気 久 | F40: =IFERROR(VLOOKUP(B40&"-"&1,'リスト'!$B:$D,3,FALSE),"") -> ＢＳＣ | G40: =IFERROR(MID(I34, FIND("-", I34) + 1, 100) & "-" & LEFT(I34, FIND("-", I34) - 1), "") -> 0-6 | H40: =IFERROR(MID(I37, FIND("-", I37) + 1, 100) & "-" & LEFT(I37, FIND("-", I37) - 1), "") -> 0-0 | I40: =IFERROR(__xludf.DUMMYFUNCTION("SPARKLINE({1,0})"),"") | J40: 6-0 | K40: =IFERROR(__xludf.DUMMYFUNCTION("SUMPRODUCT(--(REGEXMATCH(TO_TEXT(G40:J40), ""-"")), IFERROR(--(LEFT(G40:J40,FIND(""-"",G40:J40)-1)>RIGHT(G40:J40,LEN(G40:J40)-FIND(""-"",G40:J40))),0)) & ""-"" & SUMPRODUCT(--(REGEXMATCH(TO_TEXT(G40:J40), ""-"")), IFERROR(--(LEFT(G40:J40,FIND(""-"",G40:J4"&"0)-1)<RIGHT(G40:J40,LEN(G40:J40)-FIND(""-"",G40:J40))),0))"),"1-1") -> 1-1 | L40: =IF(COUNTA(G34,G37,G40,G43,H34,H37,H40,H43,I34,I37,I40,I43,J34,J37,J40,J43)=16,R40,"") -> 2位 | N40: =IFERROR(VALUE(LEFT(K40,FIND("-",K40)-1)),-1) -> 1 | O40: =SUMPRODUCT(IFERROR(--(LEFT(G40:J40,FIND("-",G40:J40)-1)),0)) & "/" & (SUMPRODUCT(IFERROR(--(LEFT(G40:J40,FIND("-",G40:J40)-1)),0)) + SUMPRODUCT(IFERROR(--(RIGHT(G40:J40,LEN(G40:J40)-FIND("-",G40:J40))),0))) -> 6/12 | P40: =IF((COUNTIF($N34,N40)+COUNTIF($N37,N40)+COUNTIF($N40,N40)+COUNTIF($N43,N40))=2, IFERROR(IFS(N40=$N34,IF(VALUE(LEFT(G40,FIND("-",G40)-1))>VALUE(RIGHT(G40,LEN(G40)-FIND("-",G40))),1,0), N40=$N37,IF(VALUE(LEFT(H40,FIND("-",H40)-1))>VALUE(RIGHT(H40,LEN(H40)-FIND("-",H40))),1,0), N40=$N43,IF(VALUE(LEFT(J40,FIND("-",J40)-1))>VALUE(RIGHT(J40,LEN(J40)-FIND("-",J40))),1,0)), ""), "") | Q40: {=N40+IF(SUMPRODUCT(--({$N34;$N37;$N40;$N43}=N40))=2,P40*0.1,IF(SUMPRODUCT(--({$N34;$N37;$N40;$N43}=N40))>=3,O41*0.01,0))} -> 1 | R40: {=_xlfn.RANK.EQ(Q40, {$Q34;$Q37;$Q40;$Q43}) & "位"} -> 2位
O41: =IFERROR( SUMPRODUCT(IFERROR(--(LEFT(G40:J40,FIND("-",G40:J40)-1)),0)) / (SUMPRODUCT(IFERROR(--(LEFT(G40:J40,FIND("-",G40:J40)-1)),0)) + SUMPRODUCT(IFERROR(--(RIGHT(G40:J40,LEN(G40:J40)-FIND("-",G40:J40))),0))) , 0) -> 0.5
C42: =IFERROR(VLOOKUP(B40&"-"&2,'リスト'!$B:$D,2,FALSE),"") -> 長川 朱美 | F42: =IFERROR(VLOOKUP(B40&"-"&2,'リスト'!$B:$D,3,FALSE),"") -> ロランギャロス
B43: =B28+4 -> 12 | C43: =IFERROR(VLOOKUP(B43&"-"&1,'リスト'!$B:$D,2,FALSE),"") -> 山下 悠樹 | F43: =IFERROR(VLOOKUP(B43&"-"&1,'リスト'!$B:$D,3,FALSE),"") -> ｏｆｆ | G43: =IFERROR(MID(J34, FIND("-", J34) + 1, 100) & "-" & LEFT(J34, FIND("-", J34) - 1), "") -> 0-6 | H43: =IFERROR(MID(J37, FIND("-", J37) + 1, 100) & "-" & LEFT(J37, FIND("-", J37) - 1), "") -> 0-0 | I43: =IFERROR(MID(J40, FIND("-", J40) + 1, 100) & "-" & LEFT(J40, FIND("-", J40) - 1), "") -> 0-6 | J43: =IFERROR(__xludf.DUMMYFUNCTION("SPARKLINE({1,0})"),"") | K43: =IFERROR(__xludf.DUMMYFUNCTION("SUMPRODUCT(--(REGEXMATCH(TO_TEXT(G43:J43), ""-"")), IFERROR(--(LEFT(G43:J43,FIND(""-"",G43:J43)-1)>RIGHT(G43:J43,LEN(G43:J43)-FIND(""-"",G43:J43))),0)) & ""-"" & SUMPRODUCT(--(REGEXMATCH(TO_TEXT(G43:J43), ""-"")), IFERROR(--(LEFT(G43:J43,FIND(""-"",G43:J4"&"3)-1)<RIGHT(G43:J43,LEN(G43:J43)-FIND(""-"",G43:J43))),0))"),"0-2") -> 0-2 | L43: =IF(COUNTA(G34,G37,G40,G43,H34,H37,H40,H43,I34,I37,I40,I43,J34,J37,J40,J43)=16,R43,"") -> 3位 | N43: =IFERROR(VALUE(LEFT(K43,FIND("-",K43)-1)),-1) -> 0 | O43: =SUMPRODUCT(IFERROR(--(LEFT(G43:J43,FIND("-",G43:J43)-1)),0)) & "/" & (SUMPRODUCT(IFERROR(--(LEFT(G43:J43,FIND("-",G43:J43)-1)),0)) + SUMPRODUCT(IFERROR(--(RIGHT(G43:J43,LEN(G43:J43)-FIND("-",G43:J43))),0))) -> 0/12 | P43: =IF((COUNTIF($N34,N43)+COUNTIF($N37,N43)+COUNTIF($N40,N43)+COUNTIF($N43,N43))=2, IFERROR(IFS(N43=$N34,IF(VALUE(LEFT(G43,FIND("-",G43)-1))>VALUE(RIGHT(G43,LEN(G43)-FIND("-",G43))),1,0), N43=$N37,IF(VALUE(LEFT(H43,FIND("-",H43)-1))>VALUE(RIGHT(H43,LEN(H43)-FIND("-",H43))),1,0), N43=$N40,IF(VALUE(LEFT(I43,FIND("-",I43)-1))>VALUE(RIGHT(I43,LEN(I43)-FIND("-",I43))),1,0)), ""), "") -> 0 | Q43: {=N43+IF(SUMPRODUCT(--({$N34;$N37;$N40;$N43}=N43))=2,P43*0.1,IF(SUMPRODUCT(--({$N34;$N37;$N40;$N43}=N43))>=3,O44*0.01,0))} -> 0 | R43: {=_xlfn.RANK.EQ(Q43, {$Q34;$Q37;$Q40;$Q43}) & "位"} -> 3位
O44: =IFERROR( SUMPRODUCT(IFERROR(--(LEFT(G43:J43,FIND("-",G43:J43)-1)),0)) / (SUMPRODUCT(IFERROR(--(LEFT(G43:J43,FIND("-",G43:J43)-1)),0)) + SUMPRODUCT(IFERROR(--(RIGHT(G43:J43,LEN(G43:J43)-FIND("-",G43:J43))),0))) , 0) -> 0
C45: =IFERROR(VLOOKUP(B43&"-"&2,'リスト'!$B:$D,2,FALSE),"") -> 田苗 真里 | F45: =IFERROR(VLOOKUP(B43&"-"&2,'リスト'!$B:$D,3,FALSE),"") -> フリー
B47: D | E47: リーグ | I47: =TRIM('予選'!$A$1) -> サンプル
B48: 選手名 | G48: =LEFT(C49, FIND(" ", C49 & " ") - 1) & "・" & LEFT(C51, FIND(" ", C51 & " ") - 1) -> 小谷・小谷 | H48: =LEFT(C52, FIND(" ", C52 & " ") - 1) & "・" & LEFT(C54, FIND(" ", C54 & " ") - 1) -> 中里・市川 | I48: =LEFT(C55, FIND(" ", C55 & " ") - 1) & "・" & LEFT(C57, FIND(" ", C57 & " ") - 1) -> 網川・網川 | J48: =LEFT(C58, FIND(" ", C58 & " ") - 1) & "・" & LEFT(C60, FIND(" ", C60 & " ") - 1) -> 羽馬・杉原 | K48: 勝敗 | L48: 順位 | N48: 勝数 | O48: 勝率 | P48: 直接対決 | Q48: 判定 | R48: 順位
B49: =B34+4 -> 13 | C49: =IFERROR(VLOOKUP(B49&"-"&1,'リスト'!$B:$D,2,FALSE),"") -> 小谷 桂介 | F49: =IFERROR(VLOOKUP(B49&"-"&1,'リスト'!$B:$D,3,FALSE),"") -> Ｔ-nuts | G49: =IFERROR(__xludf.DUMMYFUNCTION("SPARKLINE({1,0})"),"") | H49: 6-0 | I49: 6-0 | J49: 6-0 | K49: =IFERROR(__xludf.DUMMYFUNCTION("SUMPRODUCT(--(REGEXMATCH(TO_TEXT(G49:J49), ""-"")), IFERROR(--(LEFT(G49:J49,FIND(""-"",G49:J49)-1)>RIGHT(G49:J49,LEN(G49:J49)-FIND(""-"",G49:J49))),0)) & ""-"" & SUMPRODUCT(--(REGEXMATCH(TO_TEXT(G49:J49), ""-"")), IFERROR(--(LEFT(G49:J49,FIND(""-"",G49:J4"&"9)-1)<RIGHT(G49:J49,LEN(G49:J49)-FIND(""-"",G49:J49))),0))"),"3-0") -> 3-0 | L49: =IF(COUNTA(G49,G52,G55,G58,H49,H52,H55,H58,I49,I52,I55,I58,J49,J52,J55,J58)=16,R49,"") -> 1位 | N49: =IFERROR(VALUE(LEFT(K49,FIND("-",K49)-1)),-1) -> 3 | O49: =SUMPRODUCT(IFERROR(--(LEFT(G49:J49,FIND("-",G49:J49)-1)),0)) & "/" & (SUMPRODUCT(IFERROR(--(LEFT(G49:J49,FIND("-",G49:J49)-1)),0)) + SUMPRODUCT(IFERROR(--(RIGHT(G49:J49,LEN(G49:J49)-FIND("-",G49:J49))),0))) -> 18/18 | P49: =IF((COUNTIF($N49,N49)+COUNTIF($N52,N49)+COUNTIF($N55,N49)+COUNTIF($N58,N49))=2, IFERROR(IFS(N49=$N52,IF(VALUE(LEFT(H49,FIND("-",H49)-1))>VALUE(RIGHT(H49,LEN(H49)-FIND("-",H49))),1,0), N49=$N55,IF(VALUE(LEFT(I49,FIND("-",I49)-1))>VALUE(RIGHT(I49,LEN(I49)-FIND("-",I49))),1,0), N49=$N58,IF(VALUE(LEFT(J49,FIND("-",J49)-1))>VALUE(RIGHT(J49,LEN(J49)-FIND("-",J49))),1,0)), ""), "") | Q49: {=N49+IF(SUMPRODUCT(--({$N49;$N52;$N55;$N58}=N49))=2,P49*0.1,IF(SUMPRODUCT(--({$N49;$N52;$N55;$N58}=N49))>=3,O50*0.01,0))} -> 3 | R49: {=_xlfn.RANK.EQ(Q49, {$Q49;$Q52;$Q55;$Q58}) & "位"} -> 1位
O50: =IFERROR( SUMPRODUCT(IFERROR(--(LEFT(G49:J49,FIND("-",G49:J49)-1)),0)) / (SUMPRODUCT(IFERROR(--(LEFT(G49:J49,FIND("-",G49:J49)-1)),0)) + SUMPRODUCT(IFERROR(--(RIGHT(G49:J49,LEN(G49:J49)-FIND("-",G49:J49))),0))) , 0) -> 1
C51: =IFERROR(VLOOKUP(B49&"-"&2,'リスト'!$B:$D,2,FALSE),"") -> 小谷 佐知子 | F51: =IFERROR(VLOOKUP(B49&"-"&2,'リスト'!$B:$D,3,FALSE),"") -> Ｔ-nuts
B52: =B37+4 -> 14 | C52: =IFERROR(VLOOKUP(B52&"-"&1,'リスト'!$B:$D,2,FALSE),"") -> 中里 海 | F52: =IFERROR(VLOOKUP(B52&"-"&1,'リスト'!$B:$D,3,FALSE),"") -> 湖山池ＴＣ | G52: =IFERROR(MID(H49, FIND("-", H49) + 1, 100) & "-" & LEFT(H49, FIND("-", H49) - 1), "") -> 0-6 | H52: =IFERROR(__xludf.DUMMYFUNCTION("SPARKLINE({1,0})"),"") | I52: 6-0 | J52: 6-0 | K52: =IFERROR(__xludf.DUMMYFUNCTION("SUMPRODUCT(--(REGEXMATCH(TO_TEXT(G52:J52), ""-"")), IFERROR(--(LEFT(G52:J52,FIND(""-"",G52:J52)-1)>RIGHT(G52:J52,LEN(G52:J52)-FIND(""-"",G52:J52))),0)) & ""-"" & SUMPRODUCT(--(REGEXMATCH(TO_TEXT(G52:J52), ""-"")), IFERROR(--(LEFT(G52:J52,FIND(""-"",G52:J5"&"2)-1)<RIGHT(G52:J52,LEN(G52:J52)-FIND(""-"",G52:J52))),0))"),"2-1") -> 2-1 | L52: =IF(COUNTA(G49,G52,G55,G58,H49,H52,H55,H58,I49,I52,I55,I58,J49,J52,J55,J58)=16,R52,"") -> 2位 | N52: =IFERROR(VALUE(LEFT(K52,FIND("-",K52)-1)),-1) -> 2 | O52: =SUMPRODUCT(IFERROR(--(LEFT(G52:J52,FIND("-",G52:J52)-1)),0)) & "/" & (SUMPRODUCT(IFERROR(--(LEFT(G52:J52,FIND("-",G52:J52)-1)),0)) + SUMPRODUCT(IFERROR(--(RIGHT(G52:J52,LEN(G52:J52)-FIND("-",G52:J52))),0))) -> 12/18 | P52: =IF((COUNTIF($N49,N52)+COUNTIF($N52,N52)+COUNTIF($N55,N52)+COUNTIF($N58,N52))=2, IFERROR(IFS(N52=$N49,IF(VALUE(LEFT(G52,FIND("-",G52)-1))>VALUE(RIGHT(G52,LEN(G52)-FIND("-",G52))),1,0), N52=$N55,IF(VALUE(LEFT(I52,FIND("-",I52)-1))>VALUE(RIGHT(I52,LEN(I52)-FIND("-",I52))),1,0), N52=$N58,IF(VALUE(LEFT(J52,FIND("-",J52)-1))>VALUE(RIGHT(J52,LEN(J52)-FIND("-",J52))),1,0)), ""), "") | Q52: {=N52+IF(SUMPRODUCT(--({$N49;$N52;$N55;$N58}=N52))=2,P52*0.1,IF(SUMPRODUCT(--({$N49;$N52;$N55;$N58}=N52))>=3,O53*0.01,0))} -> 2 | R52: {=_xlfn.RANK.EQ(Q52, {$Q49;$Q52;$Q55;$Q58}) & "位"} -> 2位
O53: =IFERROR( SUMPRODUCT(IFERROR(--(LEFT(G52:J52,FIND("-",G52:J52)-1)),0)) / (SUMPRODUCT(IFERROR(--(LEFT(G52:J52,FIND("-",G52:J52)-1)),0)) + SUMPRODUCT(IFERROR(--(RIGHT(G52:J52,LEN(G52:J52)-FIND("-",G52:J52))),0))) , 0) -> 0.66666667
C54: =IFERROR(VLOOKUP(B52&"-"&2,'リスト'!$B:$D,2,FALSE),"") -> 市川 朋子 | F54: =IFERROR(VLOOKUP(B52&"-"&2,'リスト'!$B:$D,3,FALSE),"") -> あみたま
B55: =B40+4 -> 15 | C55: =IFERROR(VLOOKUP(B55&"-"&1,'リスト'!$B:$D,2,FALSE),"") -> 網川 忠之 | F55: =IFERROR(VLOOKUP(B55&"-"&1,'リスト'!$B:$D,3,FALSE),"") -> フリー | G55: =IFERROR(MID(I49, FIND("-", I49) + 1, 100) & "-" & LEFT(I49, FIND("-", I49) - 1), "") -> 0-6 | H55: =IFERROR(MID(I52, FIND("-", I52) + 1, 100) & "-" & LEFT(I52, FIND("-", I52) - 1), "") -> 0-6 | I55: =IFERROR(__xludf.DUMMYFUNCTION("SPARKLINE({1,0})"),"") | J55: 6-0 | K55: =IFERROR(__xludf.DUMMYFUNCTION("SUMPRODUCT(--(REGEXMATCH(TO_TEXT(G55:J55), ""-"")), IFERROR(--(LEFT(G55:J55,FIND(""-"",G55:J55)-1)>RIGHT(G55:J55,LEN(G55:J55)-FIND(""-"",G55:J55))),0)) & ""-"" & SUMPRODUCT(--(REGEXMATCH(TO_TEXT(G55:J55), ""-"")), IFERROR(--(LEFT(G55:J55,FIND(""-"",G55:J5"&"5)-1)<RIGHT(G55:J55,LEN(G55:J55)-FIND(""-"",G55:J55))),0))"),"1-2") -> 1-2 | L55: =IF(COUNTA(G49,G52,G55,G58,H49,H52,H55,H58,I49,I52,I55,I58,J49,J52,J55,J58)=16,R55,"") -> 3位 | N55: =IFERROR(VALUE(LEFT(K55,FIND("-",K55)-1)),-1) -> 1 | O55: =SUMPRODUCT(IFERROR(--(LEFT(G55:J55,FIND("-",G55:J55)-1)),0)) & "/" & (SUMPRODUCT(IFERROR(--(LEFT(G55:J55,FIND("-",G55:J55)-1)),0)) + SUMPRODUCT(IFERROR(--(RIGHT(G55:J55,LEN(G55:J55)-FIND("-",G55:J55))),0))) -> 6/18 | P55: =IF((COUNTIF($N49,N55)+COUNTIF($N52,N55)+COUNTIF($N55,N55)+COUNTIF($N58,N55))=2, IFERROR(IFS(N55=$N49,IF(VALUE(LEFT(G55,FIND("-",G55)-1))>VALUE(RIGHT(G55,LEN(G55)-FIND("-",G55))),1,0), N55=$N52,IF(VALUE(LEFT(H55,FIND("-",H55)-1))>VALUE(RIGHT(H55,LEN(H55)-FIND("-",H55))),1,0), N55=$N58,IF(VALUE(LEFT(J55,FIND("-",J55)-1))>VALUE(RIGHT(J55,LEN(J55)-FIND("-",J55))),1,0)), ""), "") | Q55: {=N55+IF(SUMPRODUCT(--({$N49;$N52;$N55;$N58}=N55))=2,P55*0.1,IF(SUMPRODUCT(--({$N49;$N52;$N55;$N58}=N55))>=3,O56*0.01,0))} -> 1 | R55: {=_xlfn.RANK.EQ(Q55, {$Q49;$Q52;$Q55;$Q58}) & "位"} -> 3位
O56: =IFERROR( SUMPRODUCT(IFERROR(--(LEFT(G55:J55,FIND("-",G55:J55)-1)),0)) / (SUMPRODUCT(IFERROR(--(LEFT(G55:J55,FIND("-",G55:J55)-1)),0)) + SUMPRODUCT(IFERROR(--(RIGHT(G55:J55,LEN(G55:J55)-FIND("-",G55:J55))),0))) , 0) -> 0.33333333
C57: =IFERROR(VLOOKUP(B55&"-"&2,'リスト'!$B:$D,2,FALSE),"") -> 網川 佐知子 | F57: =IFERROR(VLOOKUP(B55&"-"&2,'リスト'!$B:$D,3,FALSE),"") -> フリー
B58: =B43+4 -> 16 | C58: =IFERROR(VLOOKUP(B58&"-"&1,'リスト'!$B:$D,2,FALSE),"") -> 羽馬 由和 | F58: =IFERROR(VLOOKUP(B58&"-"&1,'リスト'!$B:$D,3,FALSE),"") -> オレンジ | G58: =IFERROR(MID(J49, FIND("-", J49) + 1, 100) & "-" & LEFT(J49, FIND("-", J49) - 1), "") -> 0-6 | H58: =IFERROR(MID(J52, FIND("-", J52) + 1, 100) & "-" & LEFT(J52, FIND("-", J52) - 1), "") -> 0-6 | I58: =IFERROR(MID(J55, FIND("-", J55) + 1, 100) & "-" & LEFT(J55, FIND("-", J55) - 1), "") -> 0-6 | J58: =IFERROR(__xludf.DUMMYFUNCTION("SPARKLINE({1,0})"),"") | K58: =IFERROR(__xludf.DUMMYFUNCTION("SUMPRODUCT(--(REGEXMATCH(TO_TEXT(G58:J58), ""-"")), IFERROR(--(LEFT(G58:J58,FIND(""-"",G58:J58)-1)>RIGHT(G58:J58,LEN(G58:J58)-FIND(""-"",G58:J58))),0)) & ""-"" & SUMPRODUCT(--(REGEXMATCH(TO_TEXT(G58:J58), ""-"")), IFERROR(--(LEFT(G58:J58,FIND(""-"",G58:J5"&"8)-1)<RIGHT(G58:J58,LEN(G58:J58)-FIND(""-"",G58:J58))),0))"),"0-3") -> 0-3 | L58: =IF(COUNTA(G49,G52,G55,G58,H49,H52,H55,H58,I49,I52,I55,I58,J49,J52,J55,J58)=16,R58,"") -> 4位 | N58: =IFERROR(VALUE(LEFT(K58,FIND("-",K58)-1)),-1) -> 0 | O58: =SUMPRODUCT(IFERROR(--(LEFT(G58:J58,FIND("-",G58:J58)-1)),0)) & "/" & (SUMPRODUCT(IFERROR(--(LEFT(G58:J58,FIND("-",G58:J58)-1)),0)) + SUMPRODUCT(IFERROR(--(RIGHT(G58:J58,LEN(G58:J58)-FIND("-",G58:J58))),0))) -> 0/18 | P58: =IF((COUNTIF($N49,N58)+COUNTIF($N52,N58)+COUNTIF($N55,N58)+COUNTIF($N58,N58))=2, IFERROR(IFS(N58=$N49,IF(VALUE(LEFT(G58,FIND("-",G58)-1))>VALUE(RIGHT(G58,LEN(G58)-FIND("-",G58))),1,0), N58=$N52,IF(VALUE(LEFT(H58,FIND("-",H58)-1))>VALUE(RIGHT(H58,LEN(H58)-FIND("-",H58))),1,0), N58=$N55,IF(VALUE(LEFT(I58,FIND("-",I58)-1))>VALUE(RIGHT(I58,LEN(I58)-FIND("-",I58))),1,0)), ""), "") | Q58: {=N58+IF(SUMPRODUCT(--({$N49;$N52;$N55;$N58}=N58))=2,P58*0.1,IF(SUMPRODUCT(--({$N49;$N52;$N55;$N58}=N58))>=3,O59*0.01,0))} -> 0 | R58: {=_xlfn.RANK.EQ(Q58, {$Q49;$Q52;$Q55;$Q58}) & "位"} -> 4位
O59: =IFERROR( SUMPRODUCT(IFERROR(--(LEFT(G58:J58,FIND("-",G58:J58)-1)),0)) / (SUMPRODUCT(IFERROR(--(LEFT(G58:J58,FIND("-",G58:J58)-1)),0)) + SUMPRODUCT(IFERROR(--(RIGHT(G58:J58,LEN(G58:J58)-FIND("-",G58:J58))),0))) , 0) -> 0
C60: =IFERROR(VLOOKUP(B58&"-"&2,'リスト'!$B:$D,2,FALSE),"") -> 杉原 三奈 | F60: =IFERROR(VLOOKUP(B58&"-"&2,'リスト'!$B:$D,3,FALSE),"") -> ジュピター
B62: E | E62: リーグ | I62: =TRIM('予選'!$A$1) -> サンプル
B63: 選手名 | G63: =LEFT(C64, FIND(" ", C64 & " ") - 1) & "・" & LEFT(C66, FIND(" ", C66 & " ") - 1) -> 谷本・谷口 | H63: =LEFT(C67, FIND(" ", C67 & " ") - 1) & "・" & LEFT(C69, FIND(" ", C69 & " ") - 1) -> 田中・山﨑 | I63: =LEFT(C70, FIND(" ", C70 & " ") - 1) & "・" & LEFT(C72, FIND(" ", C72 & " ") - 1) -> 椿・椿 | J63: =LEFT(C73, FIND(" ", C73 & " ") - 1) & "・" & LEFT(C75, FIND(" ", C75 & " ") - 1) -> 町田・町田 | K63: 勝敗 | L63: 順位 | N63: 勝数 | O63: 勝率 | P63: 直接対決 | Q63: 判定 | R63: 順位
B64: =B49+4 -> 17 | C64: =IFERROR(VLOOKUP(B64&"-"&1,'リスト'!$B:$D,2,FALSE),"") -> 谷本 卓也 | F64: =IFERROR(VLOOKUP(B64&"-"&1,'リスト'!$B:$D,3,FALSE),"") -> ｄｏＭｅ | G64: =IFERROR(__xludf.DUMMYFUNCTION("SPARKLINE({1,0})"),"") | H64: 6-0 | I64: 6-0 | J64: 6-0 | K64: =IFERROR(__xludf.DUMMYFUNCTION("SUMPRODUCT(--(REGEXMATCH(TO_TEXT(G64:J64), ""-"")), IFERROR(--(LEFT(G64:J64,FIND(""-"",G64:J64)-1)>RIGHT(G64:J64,LEN(G64:J64)-FIND(""-"",G64:J64))),0)) & ""-"" & SUMPRODUCT(--(REGEXMATCH(TO_TEXT(G64:J64), ""-"")), IFERROR(--(LEFT(G64:J64,FIND(""-"",G64:J6"&"4)-1)<RIGHT(G64:J64,LEN(G64:J64)-FIND(""-"",G64:J64))),0))"),"3-0") -> 3-0 | L64: =IF(COUNTA(G64,G67,G70,G73,H64,H67,H70,H73,I64,I67,I70,I73,J64,J67,J70,J73)=16,R64,"") -> 1位 | N64: =IFERROR(VALUE(LEFT(K64,FIND("-",K64)-1)),-1) -> 3 | O64: =SUMPRODUCT(IFERROR(--(LEFT(G64:J64,FIND("-",G64:J64)-1)),0)) & "/" & (SUMPRODUCT(IFERROR(--(LEFT(G64:J64,FIND("-",G64:J64)-1)),0)) + SUMPRODUCT(IFERROR(--(RIGHT(G64:J64,LEN(G64:J64)-FIND("-",G64:J64))),0))) -> 18/18 | P64: =IF((COUNTIF($N64,N64)+COUNTIF($N67,N64)+COUNTIF($N70,N64)+COUNTIF($N73,N64))=2, IFERROR(IFS(N64=$N67,IF(VALUE(LEFT(H64,FIND("-",H64)-1))>VALUE(RIGHT(H64,LEN(H64)-FIND("-",H64))),1,0), N64=$N70,IF(VALUE(LEFT(I64,FIND("-",I64)-1))>VALUE(RIGHT(I64,LEN(I64)-FIND("-",I64))),1,0), N64=$N73,IF(VALUE(LEFT(J64,FIND("-",J64)-1))>VALUE(RIGHT(J64,LEN(J64)-FIND("-",J64))),1,0)), ""), "") | Q64: {=N64+IF(SUMPRODUCT(--({$N64;$N67;$N70;$N73}=N64))=2,P64*0.1,IF(SUMPRODUCT(--({$N64;$N67;$N70;$N73}=N64))>=3,O65*0.01,0))} -> 3 | R64: {=_xlfn.RANK.EQ(Q64, {$Q64;$Q67;$Q70;$Q73}) & "位"} -> 1位
O65: =IFERROR( SUMPRODUCT(IFERROR(--(LEFT(G64:J64,FIND("-",G64:J64)-1)),0)) / (SUMPRODUCT(IFERROR(--(LEFT(G64:J64,FIND("-",G64:J64)-1)),0)) + SUMPRODUCT(IFERROR(--(RIGHT(G64:J64,LEN(G64:J64)-FIND("-",G64:J64))),0))) , 0) -> 1
C66: =IFERROR(VLOOKUP(B64&"-"&2,'リスト'!$B:$D,2,FALSE),"") -> 谷口 圭子 | F66: =IFERROR(VLOOKUP(B64&"-"&2,'リスト'!$B:$D,3,FALSE),"") -> レイリー
B67: =B52+4 -> 18 | C67: =IFERROR(VLOOKUP(B67&"-"&1,'リスト'!$B:$D,2,FALSE),"") -> 田中 憲一 | F67: =IFERROR(VLOOKUP(B67&"-"&1,'リスト'!$B:$D,3,FALSE),"") -> ポップテニスプラス | G67: =IFERROR(MID(H64, FIND("-", H64) + 1, 100) & "-" & LEFT(H64, FIND("-", H64) - 1), "") -> 0-6 | H67: =IFERROR(__xludf.DUMMYFUNCTION("SPARKLINE({1,0})"),"") | I67: 6-0 | J67: 6-0 | K67: =IFERROR(__xludf.DUMMYFUNCTION("SUMPRODUCT(--(REGEXMATCH(TO_TEXT(G67:J67), ""-"")), IFERROR(--(LEFT(G67:J67,FIND(""-"",G67:J67)-1)>RIGHT(G67:J67,LEN(G67:J67)-FIND(""-"",G67:J67))),0)) & ""-"" & SUMPRODUCT(--(REGEXMATCH(TO_TEXT(G67:J67), ""-"")), IFERROR(--(LEFT(G67:J67,FIND(""-"",G67:J6"&"7)-1)<RIGHT(G67:J67,LEN(G67:J67)-FIND(""-"",G67:J67))),0))"),"2-1") -> 2-1 | L67: =IF(COUNTA(G64,G67,G70,G73,H64,H67,H70,H73,I64,I67,I70,I73,J64,J67,J70,J73)=16,R67,"") -> 2位 | N67: =IFERROR(VALUE(LEFT(K67,FIND("-",K67)-1)),-1) -> 2 | O67: =SUMPRODUCT(IFERROR(--(LEFT(G67:J67,FIND("-",G67:J67)-1)),0)) & "/" & (SUMPRODUCT(IFERROR(--(LEFT(G67:J67,FIND("-",G67:J67)-1)),0)) + SUMPRODUCT(IFERROR(--(RIGHT(G67:J67,LEN(G67:J67)-FIND("-",G67:J67))),0))) -> 12/18 | P67: =IF((COUNTIF($N64,N67)+COUNTIF($N67,N67)+COUNTIF($N70,N67)+COUNTIF($N73,N67))=2, IFERROR(IFS(N67=$N64,IF(VALUE(LEFT(G67,FIND("-",G67)-1))>VALUE(RIGHT(G67,LEN(G67)-FIND("-",G67))),1,0), N67=$N70,IF(VALUE(LEFT(I67,FIND("-",I67)-1))>VALUE(RIGHT(I67,LEN(I67)-FIND("-",I67))),1,0), N67=$N73,IF(VALUE(LEFT(J67,FIND("-",J67)-1))>VALUE(RIGHT(J67,LEN(J67)-FIND("-",J67))),1,0)), ""), "") | Q67: {=N67+IF(SUMPRODUCT(--({$N64;$N67;$N70;$N73}=N67))=2,P67*0.1,IF(SUMPRODUCT(--({$N64;$N67;$N70;$N73}=N67))>=3,O68*0.01,0))} -> 2 | R67: {=_xlfn.RANK.EQ(Q67, {$Q64;$Q67;$Q70;$Q73}) & "位"} -> 2位
O68: =IFERROR( SUMPRODUCT(IFERROR(--(LEFT(G67:J67,FIND("-",G67:J67)-1)),0)) / (SUMPRODUCT(IFERROR(--(LEFT(G67:J67,FIND("-",G67:J67)-1)),0)) + SUMPRODUCT(IFERROR(--(RIGHT(G67:J67,LEN(G67:J67)-FIND("-",G67:J67))),0))) , 0) -> 0.66666667
C69: =IFERROR(VLOOKUP(B67&"-"&2,'リスト'!$B:$D,2,FALSE),"") -> 山﨑 弥生 | F69: =IFERROR(VLOOKUP(B67&"-"&2,'リスト'!$B:$D,3,FALSE),"") -> 鳥取銀行
B70: =B55+4 -> 19 | C70: =IFERROR(VLOOKUP(B70&"-"&1,'リスト'!$B:$D,2,FALSE),"") -> 椿 誠 | F70: =IFERROR(VLOOKUP(B70&"-"&1,'リスト'!$B:$D,3,FALSE),"") -> フリー | G70: =IFERROR(MID(I64, FIND("-", I64) + 1, 100) & "-" & LEFT(I64, FIND("-", I64) - 1), "") -> 0-6 | H70: =IFERROR(MID(I67, FIND("-", I67) + 1, 100) & "-" & LEFT(I67, FIND("-", I67) - 1), "") -> 0-6 | I70: =IFERROR(__xludf.DUMMYFUNCTION("SPARKLINE({1,0})"),"") | J70: 6-0 | K70: =IFERROR(__xludf.DUMMYFUNCTION("SUMPRODUCT(--(REGEXMATCH(TO_TEXT(G70:J70), ""-"")), IFERROR(--(LEFT(G70:J70,FIND(""-"",G70:J70)-1)>RIGHT(G70:J70,LEN(G70:J70)-FIND(""-"",G70:J70))),0)) & ""-"" & SUMPRODUCT(--(REGEXMATCH(TO_TEXT(G70:J70), ""-"")), IFERROR(--(LEFT(G70:J70,FIND(""-"",G70:J7"&"0)-1)<RIGHT(G70:J70,LEN(G70:J70)-FIND(""-"",G70:J70))),0))"),"1-2") -> 1-2 | L70: =IF(COUNTA(G64,G67,G70,G73,H64,H67,H70,H73,I64,I67,I70,I73,J64,J67,J70,J73)=16,R70,"") -> 3位 | N70: =IFERROR(VALUE(LEFT(K70,FIND("-",K70)-1)),-1) -> 1 | O70: =SUMPRODUCT(IFERROR(--(LEFT(G70:J70,FIND("-",G70:J70)-1)),0)) & "/" & (SUMPRODUCT(IFERROR(--(LEFT(G70:J70,FIND("-",G70:J70)-1)),0)) + SUMPRODUCT(IFERROR(--(RIGHT(G70:J70,LEN(G70:J70)-FIND("-",G70:J70))),0))) -> 6/18 | P70: =IF((COUNTIF($N64,N70)+COUNTIF($N67,N70)+COUNTIF($N70,N70)+COUNTIF($N73,N70))=2, IFERROR(IFS(N70=$N64,IF(VALUE(LEFT(G70,FIND("-",G70)-1))>VALUE(RIGHT(G70,LEN(G70)-FIND("-",G70))),1,0), N70=$N67,IF(VALUE(LEFT(H70,FIND("-",H70)-1))>VALUE(RIGHT(H70,LEN(H70)-FIND("-",H70))),1,0), N70=$N73,IF(VALUE(LEFT(J70,FIND("-",J70)-1))>VALUE(RIGHT(J70,LEN(J70)-FIND("-",J70))),1,0)), ""), "") | Q70: {=N70+IF(SUMPRODUCT(--({$N64;$N67;$N70;$N73}=N70))=2,P70*0.1,IF(SUMPRODUCT(--({$N64;$N67;$N70;$N73}=N70))>=3,O71*0.01,0))} -> 1 | R70: {=_xlfn.RANK.EQ(Q70, {$Q64;$Q67;$Q70;$Q73}) & "位"} -> 3位
O71: =IFERROR( SUMPRODUCT(IFERROR(--(LEFT(G70:J70,FIND("-",G70:J70)-1)),0)) / (SUMPRODUCT(IFERROR(--(LEFT(G70:J70,FIND("-",G70:J70)-1)),0)) + SUMPRODUCT(IFERROR(--(RIGHT(G70:J70,LEN(G70:J70)-FIND("-",G70:J70))),0))) , 0) -> 0.33333333
C72: =IFERROR(VLOOKUP(B70&"-"&2,'リスト'!$B:$D,2,FALSE),"") -> 椿 保奈瀬 | F72: =IFERROR(VLOOKUP(B70&"-"&2,'リスト'!$B:$D,3,FALSE),"") -> フリー
B73: =B58+4 -> 20 | C73: =IFERROR(VLOOKUP(B73&"-"&1,'リスト'!$B:$D,2,FALSE),"") -> 町田 正雄 | F73: =IFERROR(VLOOKUP(B73&"-"&1,'リスト'!$B:$D,3,FALSE),"") -> 因幡打輪 | G73: =IFERROR(MID(J64, FIND("-", J64) + 1, 100) & "-" & LEFT(J64, FIND("-", J64) - 1), "") -> 0-6 | H73: =IFERROR(MID(J67, FIND("-", J67) + 1, 100) & "-" & LEFT(J67, FIND("-", J67) - 1), "") -> 0-6 | I73: =IFERROR(MID(J70, FIND("-", J70) + 1, 100) & "-" & LEFT(J70, FIND("-", J70) - 1), "") -> 0-6 | J73: =IFERROR(__xludf.DUMMYFUNCTION("SPARKLINE({1,0})"),"") | K73: =IFERROR(__xludf.DUMMYFUNCTION("SUMPRODUCT(--(REGEXMATCH(TO_TEXT(G73:J73), ""-"")), IFERROR(--(LEFT(G73:J73,FIND(""-"",G73:J73)-1)>RIGHT(G73:J73,LEN(G73:J73)-FIND(""-"",G73:J73))),0)) & ""-"" & SUMPRODUCT(--(REGEXMATCH(TO_TEXT(G73:J73), ""-"")), IFERROR(--(LEFT(G73:J73,FIND(""-"",G73:J7"&"3)-1)<RIGHT(G73:J73,LEN(G73:J73)-FIND(""-"",G73:J73))),0))"),"0-3") -> 0-3 | L73: =IF(COUNTA(G64,G67,G70,G73,H64,H67,H70,H73,I64,I67,I70,I73,J64,J67,J70,J73)=16,R73,"") -> 4位 | N73: =IFERROR(VALUE(LEFT(K73,FIND("-",K73)-1)),-1) -> 0 | O73: =SUMPRODUCT(IFERROR(--(LEFT(G73:J73,FIND("-",G73:J73)-1)),0)) & "/" & (SUMPRODUCT(IFERROR(--(LEFT(G73:J73,FIND("-",G73:J73)-1)),0)) + SUMPRODUCT(IFERROR(--(RIGHT(G73:J73,LEN(G73:J73)-FIND("-",G73:J73))),0))) -> 0/18 | P73: =IF((COUNTIF($N64,N73)+COUNTIF($N67,N73)+COUNTIF($N70,N73)+COUNTIF($N73,N73))=2, IFERROR(IFS(N73=$N64,IF(VALUE(LEFT(G73,FIND("-",G73)-1))>VALUE(RIGHT(G73,LEN(G73)-FIND("-",G73))),1,0), N73=$N67,IF(VALUE(LEFT(H73,FIND("-",H73)-1))>VALUE(RIGHT(H73,LEN(H73)-FIND("-",H73))),1,0), N73=$N70,IF(VALUE(LEFT(I73,FIND("-",I73)-1))>VALUE(RIGHT(I73,LEN(I73)-FIND("-",I73))),1,0)), ""), "") | Q73: {=N73+IF(SUMPRODUCT(--({$N64;$N67;$N70;$N73}=N73))=2,P73*0.1,IF(SUMPRODUCT(--({$N64;$N67;$N70;$N73}=N73))>=3,O74*0.01,0))} -> 0 | R73: {=_xlfn.RANK.EQ(Q73, {$Q64;$Q67;$Q70;$Q73}) & "位"} -> 4位
O74: =IFERROR( SUMPRODUCT(IFERROR(--(LEFT(G73:J73,FIND("-",G73:J73)-1)),0)) / (SUMPRODUCT(IFERROR(--(LEFT(G73:J73,FIND("-",G73:J73)-1)),0)) + SUMPRODUCT(IFERROR(--(RIGHT(G73:J73,LEN(G73:J73)-FIND("-",G73:J73))),0))) , 0) -> 0
C75: =IFERROR(VLOOKUP(B73&"-"&2,'リスト'!$B:$D,2,FALSE),"") -> 町田 聖子 | F75: =IFERROR(VLOOKUP(B73&"-"&2,'リスト'!$B:$D,3,FALSE),"") -> 因幡打輪
B77: F | E77: リーグ | I77: =TRIM('予選'!$A$1) -> サンプル
B78: 選手名 | G78: =LEFT(C79, FIND(" ", C79 & " ") - 1) & "・" & LEFT(C81, FIND(" ", C81 & " ") - 1) -> 杉野・中村 | H78: =LEFT(C82, FIND(" ", C82 & " ") - 1) & "・" & LEFT(C84, FIND(" ", C84 & " ") - 1) -> 小谷・青木 | I78: =LEFT(C85, FIND(" ", C85 & " ") - 1) & "・" & LEFT(C87, FIND(" ", C87 & " ") - 1) -> 朝倉・朝倉 | J78: =LEFT(C88, FIND(" ", C88 & " ") - 1) & "・" & LEFT(C90, FIND(" ", C90 & " ") - 1) -> 山本・濱田 | K78: 勝敗 | L78: 順位 | N78: 勝数 | O78: 勝率 | P78: 直接対決 | Q78: 判定 | R78: 順位
B79: =B64+4 -> 21 | C79: =IFERROR(VLOOKUP(B79&"-"&1,'リスト'!$B:$D,2,FALSE),"") -> 杉野 隆志 | F79: =IFERROR(VLOOKUP(B79&"-"&1,'リスト'!$B:$D,3,FALSE),"") -> アスペック | G79: =IFERROR(__xludf.DUMMYFUNCTION("SPARKLINE({1,0})"),"") | H79: 6-0 | I79: 6-0 | J79: 6-0 | K79: =IFERROR(__xludf.DUMMYFUNCTION("SUMPRODUCT(--(REGEXMATCH(TO_TEXT(G79:J79), ""-"")), IFERROR(--(LEFT(G79:J79,FIND(""-"",G79:J79)-1)>RIGHT(G79:J79,LEN(G79:J79)-FIND(""-"",G79:J79))),0)) & ""-"" & SUMPRODUCT(--(REGEXMATCH(TO_TEXT(G79:J79), ""-"")), IFERROR(--(LEFT(G79:J79,FIND(""-"",G79:J7"&"9)-1)<RIGHT(G79:J79,LEN(G79:J79)-FIND(""-"",G79:J79))),0))"),"3-0") -> 3-0 | L79: =IF(COUNTA(G79,G82,G85,G88,H79,H82,H85,H88,I79,I82,I85,I88,J79,J82,J85,J88)=16,R79,"") -> 1位 | N79: =IFERROR(VALUE(LEFT(K79,FIND("-",K79)-1)),-1) -> 3 | O79: =SUMPRODUCT(IFERROR(--(LEFT(G79:J79,FIND("-",G79:J79)-1)),0)) & "/" & (SUMPRODUCT(IFERROR(--(LEFT(G79:J79,FIND("-",G79:J79)-1)),0)) + SUMPRODUCT(IFERROR(--(RIGHT(G79:J79,LEN(G79:J79)-FIND("-",G79:J79))),0))) -> 18/18 | P79: =IF((COUNTIF($N79,N79)+COUNTIF($N82,N79)+COUNTIF($N85,N79)+COUNTIF($N88,N79))=2, IFERROR(IFS(N79=$N82,IF(VALUE(LEFT(H79,FIND("-",H79)-1))>VALUE(RIGHT(H79,LEN(H79)-FIND("-",H79))),1,0), N79=$N85,IF(VALUE(LEFT(I79,FIND("-",I79)-1))>VALUE(RIGHT(I79,LEN(I79)-FIND("-",I79))),1,0), N79=$N88,IF(VALUE(LEFT(J79,FIND("-",J79)-1))>VALUE(RIGHT(J79,LEN(J79)-FIND("-",J79))),1,0)), ""), "") | Q79: {=N79+IF(SUMPRODUCT(--({$N79;$N82;$N85;$N88}=N79))=2,P79*0.1,IF(SUMPRODUCT(--({$N79;$N82;$N85;$N88}=N79))>=3,O80*0.01,0))} -> 3 | R79: {=_xlfn.RANK.EQ(Q79, {$Q79;$Q82;$Q85;$Q88}) & "位"} -> 1位
O80: =IFERROR( SUMPRODUCT(IFERROR(--(LEFT(G79:J79,FIND("-",G79:J79)-1)),0)) / (SUMPRODUCT(IFERROR(--(LEFT(G79:J79,FIND("-",G79:J79)-1)),0)) + SUMPRODUCT(IFERROR(--(RIGHT(G79:J79,LEN(G79:J79)-FIND("-",G79:J79))),0))) , 0) -> 1
C81: =IFERROR(VLOOKUP(B79&"-"&2,'リスト'!$B:$D,2,FALSE),"") -> 中村 公恵 | F81: =IFERROR(VLOOKUP(B79&"-"&2,'リスト'!$B:$D,3,FALSE),"") -> 田園
B82: =B67+4 -> 22 | C82: =IFERROR(VLOOKUP(B82&"-"&1,'リスト'!$B:$D,2,FALSE),"") -> 小谷 神一郎 | F82: =IFERROR(VLOOKUP(B82&"-"&1,'リスト'!$B:$D,3,FALSE),"") -> フリー | G82: =IFERROR(MID(H79, FIND("-", H79) + 1, 100) & "-" & LEFT(H79, FIND("-", H79) - 1), "") -> 0-6 | H82: =IFERROR(__xludf.DUMMYFUNCTION("SPARKLINE({1,0})"),"") | I82: 6-0 | J82: 6-0 | K82: =IFERROR(__xludf.DUMMYFUNCTION("SUMPRODUCT(--(REGEXMATCH(TO_TEXT(G82:J82), ""-"")), IFERROR(--(LEFT(G82:J82,FIND(""-"",G82:J82)-1)>RIGHT(G82:J82,LEN(G82:J82)-FIND(""-"",G82:J82))),0)) & ""-"" & SUMPRODUCT(--(REGEXMATCH(TO_TEXT(G82:J82), ""-"")), IFERROR(--(LEFT(G82:J82,FIND(""-"",G82:J8"&"2)-1)<RIGHT(G82:J82,LEN(G82:J82)-FIND(""-"",G82:J82))),0))"),"2-1") -> 2-1 | L82: =IF(COUNTA(G79,G82,G85,G88,H79,H82,H85,H88,I79,I82,I85,I88,J79,J82,J85,J88)=16,R82,"") -> 2位 | N82: =IFERROR(VALUE(LEFT(K82,FIND("-",K82)-1)),-1) -> 2 | O82: =SUMPRODUCT(IFERROR(--(LEFT(G82:J82,FIND("-",G82:J82)-1)),0)) & "/" & (SUMPRODUCT(IFERROR(--(LEFT(G82:J82,FIND("-",G82:J82)-1)),0)) + SUMPRODUCT(IFERROR(--(RIGHT(G82:J82,LEN(G82:J82)-FIND("-",G82:J82))),0))) -> 12/18 | P82: =IF((COUNTIF($N79,N82)+COUNTIF($N82,N82)+COUNTIF($N85,N82)+COUNTIF($N88,N82))=2, IFERROR(IFS(N82=$N79,IF(VALUE(LEFT(G82,FIND("-",G82)-1))>VALUE(RIGHT(G82,LEN(G82)-FIND("-",G82))),1,0), N82=$N85,IF(VALUE(LEFT(I82,FIND("-",I82)-1))>VALUE(RIGHT(I82,LEN(I82)-FIND("-",I82))),1,0), N82=$N88,IF(VALUE(LEFT(J82,FIND("-",J82)-1))>VALUE(RIGHT(J82,LEN(J82)-FIND("-",J82))),1,0)), ""), "") | Q82: {=N82+IF(SUMPRODUCT(--({$N79;$N82;$N85;$N88}=N82))=2,P82*0.1,IF(SUMPRODUCT(--({$N79;$N82;$N85;$N88}=N82))>=3,O83*0.01,0))} -> 2 | R82: {=_xlfn.RANK.EQ(Q82, {$Q79;$Q82;$Q85;$Q88}) & "位"} -> 2位
O83: =IFERROR( SUMPRODUCT(IFERROR(--(LEFT(G82:J82,FIND("-",G82:J82)-1)),0)) / (SUMPRODUCT(IFERROR(--(LEFT(G82:J82,FIND("-",G82:J82)-1)),0)) + SUMPRODUCT(IFERROR(--(RIGHT(G82:J82,LEN(G82:J82)-FIND("-",G82:J82))),0))) , 0) -> 0.66666667
C84: =IFERROR(VLOOKUP(B82&"-"&2,'リスト'!$B:$D,2,FALSE),"") -> 青木 楓 | F84: =IFERROR(VLOOKUP(B82&"-"&2,'リスト'!$B:$D,3,FALSE),"") -> フリー
B85: =B70+4 -> 23 | C85: =IFERROR(VLOOKUP(B85&"-"&1,'リスト'!$B:$D,2,FALSE),"") -> 朝倉 章順 | F85: =IFERROR(VLOOKUP(B85&"-"&1,'リスト'!$B:$D,3,FALSE),"") -> ロランギャロス | G85: =IFERROR(MID(I79, FIND("-", I79) + 1, 100) & "-" & LEFT(I79, FIND("-", I79) - 1), "") -> 0-6 | H85: =IFERROR(MID(I82, FIND("-", I82) + 1, 100) & "-" & LEFT(I82, FIND("-", I82) - 1), "") -> 0-6 | I85: =IFERROR(__xludf.DUMMYFUNCTION("SPARKLINE({1,0})"),"") | J85: 6-0 | K85: =IFERROR(__xludf.DUMMYFUNCTION("SUMPRODUCT(--(REGEXMATCH(TO_TEXT(G85:J85), ""-"")), IFERROR(--(LEFT(G85:J85,FIND(""-"",G85:J85)-1)>RIGHT(G85:J85,LEN(G85:J85)-FIND(""-"",G85:J85))),0)) & ""-"" & SUMPRODUCT(--(REGEXMATCH(TO_TEXT(G85:J85), ""-"")), IFERROR(--(LEFT(G85:J85,FIND(""-"",G85:J8"&"5)-1)<RIGHT(G85:J85,LEN(G85:J85)-FIND(""-"",G85:J85))),0))"),"1-2") -> 1-2 | L85: =IF(COUNTA(G79,G82,G85,G88,H79,H82,H85,H88,I79,I82,I85,I88,J79,J82,J85,J88)=16,R85,"") -> 3位 | N85: =IFERROR(VALUE(LEFT(K85,FIND("-",K85)-1)),-1) -> 1 | O85: =SUMPRODUCT(IFERROR(--(LEFT(G85:J85,FIND("-",G85:J85)-1)),0)) & "/" & (SUMPRODUCT(IFERROR(--(LEFT(G85:J85,FIND("-",G85:J85)-1)),0)) + SUMPRODUCT(IFERROR(--(RIGHT(G85:J85,LEN(G85:J85)-FIND("-",G85:J85))),0))) -> 6/18 | P85: =IF((COUNTIF($N79,N85)+COUNTIF($N82,N85)+COUNTIF($N85,N85)+COUNTIF($N88,N85))=2, IFERROR(IFS(N85=$N79,IF(VALUE(LEFT(G85,FIND("-",G85)-1))>VALUE(RIGHT(G85,LEN(G85)-FIND("-",G85))),1,0), N85=$N82,IF(VALUE(LEFT(H85,FIND("-",H85)-1))>VALUE(RIGHT(H85,LEN(H85)-FIND("-",H85))),1,0), N85=$N88,IF(VALUE(LEFT(J85,FIND("-",J85)-1))>VALUE(RIGHT(J85,LEN(J85)-FIND("-",J85))),1,0)), ""), "") | Q85: {=N85+IF(SUMPRODUCT(--({$N79;$N82;$N85;$N88}=N85))=2,P85*0.1,IF(SUMPRODUCT(--({$N79;$N82;$N85;$N88}=N85))>=3,O86*0.01,0))} -> 1 | R85: {=_xlfn.RANK.EQ(Q85, {$Q79;$Q82;$Q85;$Q88}) & "位"} -> 3位
O86: =IFERROR( SUMPRODUCT(IFERROR(--(LEFT(G85:J85,FIND("-",G85:J85)-1)),0)) / (SUMPRODUCT(IFERROR(--(LEFT(G85:J85,FIND("-",G85:J85)-1)),0)) + SUMPRODUCT(IFERROR(--(RIGHT(G85:J85,LEN(G85:J85)-FIND("-",G85:J85))),0))) , 0) -> 0.33333333
C87: =IFERROR(VLOOKUP(B85&"-"&2,'リスト'!$B:$D,2,FALSE),"") -> 朝倉 加世子 | F87: =IFERROR(VLOOKUP(B85&"-"&2,'リスト'!$B:$D,3,FALSE),"") -> ロランギャロス
B88: =B73+4 -> 24 | C88: =IFERROR(VLOOKUP(B88&"-"&1,'リスト'!$B:$D,2,FALSE),"") -> 山本 和弥 | F88: =IFERROR(VLOOKUP(B88&"-"&1,'リスト'!$B:$D,3,FALSE),"") -> オレンジ | G88: =IFERROR(MID(J79, FIND("-", J79) + 1, 100) & "-" & LEFT(J79, FIND("-", J79) - 1), "") -> 0-6 | H88: =IFERROR(MID(J82, FIND("-", J82) + 1, 100) & "-" & LEFT(J82, FIND("-", J82) - 1), "") -> 0-6 | I88: =IFERROR(MID(J85, FIND("-", J85) + 1, 100) & "-" & LEFT(J85, FIND("-", J85) - 1), "") -> 0-6 | J88: =IFERROR(__xludf.DUMMYFUNCTION("SPARKLINE({1,0})"),"") | K88: =IFERROR(__xludf.DUMMYFUNCTION("SUMPRODUCT(--(REGEXMATCH(TO_TEXT(G88:J88), ""-"")), IFERROR(--(LEFT(G88:J88,FIND(""-"",G88:J88)-1)>RIGHT(G88:J88,LEN(G88:J88)-FIND(""-"",G88:J88))),0)) & ""-"" & SUMPRODUCT(--(REGEXMATCH(TO_TEXT(G88:J88), ""-"")), IFERROR(--(LEFT(G88:J88,FIND(""-"",G88:J8"&"8)-1)<RIGHT(G88:J88,LEN(G88:J88)-FIND(""-"",G88:J88))),0))"),"0-3") -> 0-3 | L88: =IF(COUNTA(G79,G82,G85,G88,H79,H82,H85,H88,I79,I82,I85,I88,J79,J82,J85,J88)=16,R88,"") -> 4位 | N88: =IFERROR(VALUE(LEFT(K88,FIND("-",K88)-1)),-1) -> 0 | O88: =SUMPRODUCT(IFERROR(--(LEFT(G88:J88,FIND("-",G88:J88)-1)),0)) & "/" & (SUMPRODUCT(IFERROR(--(LEFT(G88:J88,FIND("-",G88:J88)-1)),0)) + SUMPRODUCT(IFERROR(--(RIGHT(G88:J88,LEN(G88:J88)-FIND("-",G88:J88))),0))) -> 0/18 | P88: =IF((COUNTIF($N79,N88)+COUNTIF($N82,N88)+COUNTIF($N85,N88)+COUNTIF($N88,N88))=2, IFERROR(IFS(N88=$N79,IF(VALUE(LEFT(G88,FIND("-",G88)-1))>VALUE(RIGHT(G88,LEN(G88)-FIND("-",G88))),1,0), N88=$N82,IF(VALUE(LEFT(H88,FIND("-",H88)-1))>VALUE(RIGHT(H88,LEN(H88)-FIND("-",H88))),1,0), N88=$N85,IF(VALUE(LEFT(I88,FIND("-",I88)-1))>VALUE(RIGHT(I88,LEN(I88)-FIND("-",I88))),1,0)), ""), "") | Q88: {=N88+IF(SUMPRODUCT(--({$N79;$N82;$N85;$N88}=N88))=2,P88*0.1,IF(SUMPRODUCT(--({$N79;$N82;$N85;$N88}=N88))>=3,O89*0.01,0))} -> 0 | R88: {=_xlfn.RANK.EQ(Q88, {$Q79;$Q82;$Q85;$Q88}) & "位"} -> 4位
O89: =IFERROR( SUMPRODUCT(IFERROR(--(LEFT(G88:J88,FIND("-",G88:J88)-1)),0)) / (SUMPRODUCT(IFERROR(--(LEFT(G88:J88,FIND("-",G88:J88)-1)),0)) + SUMPRODUCT(IFERROR(--(RIGHT(G88:J88,LEN(G88:J88)-FIND("-",G88:J88))),0))) , 0) -> 0
C90: =IFERROR(VLOOKUP(B88&"-"&2,'リスト'!$B:$D,2,FALSE),"") -> 濱田 久美 | F90: =IFERROR(VLOOKUP(B88&"-"&2,'リスト'!$B:$D,3,FALSE),"") -> フリー
B92: G | E92: リーグ | I92: =TRIM('予選'!$A$1) -> サンプル
B93: 選手名 | G93: =LEFT(C94, FIND(" ", C94 & " ") - 1) & "・" & LEFT(C96, FIND(" ", C96 & " ") - 1) -> 米村・佐藤 | H93: =LEFT(C97, FIND(" ", C97 & " ") - 1) & "・" & LEFT(C99, FIND(" ", C99 & " ") - 1) -> 松原・宮島 | I93: =LEFT(C100, FIND(" ", C100 & " ") - 1) & "・" & LEFT(C102, FIND(" ", C102 & " ") - 1) -> 田中・田渕 | J93: =LEFT(C103, FIND(" ", C103 & " ") - 1) & "・" & LEFT(C105, FIND(" ", C105 & " ") - 1) -> 中村・伊吹 | K93: 勝敗 | L93: 順位 | N93: 勝数 | O93: 勝率 | P93: 直接対決 | Q93: 判定 | R93: 順位
B94: =B79+4 -> 25 | C94: =IFERROR(VLOOKUP(B94&"-"&1,'リスト'!$B:$D,2,FALSE),"") -> 米村 琢巳 | F94: =IFERROR(VLOOKUP(B94&"-"&1,'リスト'!$B:$D,3,FALSE),"") -> フリー | G94: =IFERROR(__xludf.DUMMYFUNCTION("SPARKLINE({1,0})"),"") | H94: 6-0 | I94: 6-0 | J94: 6-0 | K94: =IFERROR(__xludf.DUMMYFUNCTION("SUMPRODUCT(--(REGEXMATCH(TO_TEXT(G94:J94), ""-"")), IFERROR(--(LEFT(G94:J94,FIND(""-"",G94:J94)-1)>RIGHT(G94:J94,LEN(G94:J94)-FIND(""-"",G94:J94))),0)) & ""-"" & SUMPRODUCT(--(REGEXMATCH(TO_TEXT(G94:J94), ""-"")), IFERROR(--(LEFT(G94:J94,FIND(""-"",G94:J9"&"4)-1)<RIGHT(G94:J94,LEN(G94:J94)-FIND(""-"",G94:J94))),0))"),"3-0") -> 3-0 | L94: =IF(COUNTA(G94,G97,G100,G103,H94,H97,H100,H103,I94,I97,I100,I103,J94,J97,J100,J103)=16,R94,"") -> 1位 | N94: =IFERROR(VALUE(LEFT(K94,FIND("-",K94)-1)),-1) -> 3 | O94: =SUMPRODUCT(IFERROR(--(LEFT(G94:J94,FIND("-",G94:J94)-1)),0)) & "/" & (SUMPRODUCT(IFERROR(--(LEFT(G94:J94,FIND("-",G94:J94)-1)),0)) + SUMPRODUCT(IFERROR(--(RIGHT(G94:J94,LEN(G94:J94)-FIND("-",G94:J94))),0))) -> 18/18 | P94: =IF((COUNTIF($N94,N94)+COUNTIF($N97,N94)+COUNTIF($N100,N94)+COUNTIF($N103,N94))=2, IFERROR(IFS(N94=$N97,IF(VALUE(LEFT(H94,FIND("-",H94)-1))>VALUE(RIGHT(H94,LEN(H94)-FIND("-",H94))),1,0), N94=$N100,IF(VALUE(LEFT(I94,FIND("-",I94)-1))>VALUE(RIGHT(I94,LEN(I94)-FIND("-",I94))),1,0), N94=$N103,IF(VALUE(LEFT(J94,FIND("-",J94)-1))>VALUE(RIGHT(J94,LEN(J94)-FIND("-",J94))),1,0)), ""), "") | Q94: {=N94+IF(SUMPRODUCT(--({$N94;$N97;$N100;$N103}=N94))=2,P94*0.1,IF(SUMPRODUCT(--({$N94;$N97;$N100;$N103}=N94))>=3,O95*0.01,0))} -> 3 | R94: {=_xlfn.RANK.EQ(Q94, {$Q94;$Q97;$Q100;$Q103}) & "位"} -> 1位
O95: =IFERROR( SUMPRODUCT(IFERROR(--(LEFT(G94:J94,FIND("-",G94:J94)-1)),0)) / (SUMPRODUCT(IFERROR(--(LEFT(G94:J94,FIND("-",G94:J94)-1)),0)) + SUMPRODUCT(IFERROR(--(RIGHT(G94:J94,LEN(G94:J94)-FIND("-",G94:J94))),0))) , 0) -> 1
C96: =IFERROR(VLOOKUP(B94&"-"&2,'リスト'!$B:$D,2,FALSE),"") -> 佐藤 陽子 | F96: =IFERROR(VLOOKUP(B94&"-"&2,'リスト'!$B:$D,3,FALSE),"") -> ウィード
B97: =B82+4 -> 26 | C97: =IFERROR(VLOOKUP(B97&"-"&1,'リスト'!$B:$D,2,FALSE),"") -> 松原 成哉 | F97: =IFERROR(VLOOKUP(B97&"-"&1,'リスト'!$B:$D,3,FALSE),"") -> ｄｏＭｅ | G97: =IFERROR(MID(H94, FIND("-", H94) + 1, 100) & "-" & LEFT(H94, FIND("-", H94) - 1), "") -> 0-6 | H97: =IFERROR(__xludf.DUMMYFUNCTION("SPARKLINE({1,0})"),"") | I97: 6-0 | J97: 6-0 | K97: =IFERROR(__xludf.DUMMYFUNCTION("SUMPRODUCT(--(REGEXMATCH(TO_TEXT(G97:J97), ""-"")), IFERROR(--(LEFT(G97:J97,FIND(""-"",G97:J97)-1)>RIGHT(G97:J97,LEN(G97:J97)-FIND(""-"",G97:J97))),0)) & ""-"" & SUMPRODUCT(--(REGEXMATCH(TO_TEXT(G97:J97), ""-"")), IFERROR(--(LEFT(G97:J97,FIND(""-"",G97:J9"&"7)-1)<RIGHT(G97:J97,LEN(G97:J97)-FIND(""-"",G97:J97))),0))"),"2-1") -> 2-1 | L97: =IF(COUNTA(G94,G97,G100,G103,H94,H97,H100,H103,I94,I97,I100,I103,J94,J97,J100,J103)=16,R97,"") -> 2位 | N97: =IFERROR(VALUE(LEFT(K97,FIND("-",K97)-1)),-1) -> 2 | O97: =SUMPRODUCT(IFERROR(--(LEFT(G97:J97,FIND("-",G97:J97)-1)),0)) & "/" & (SUMPRODUCT(IFERROR(--(LEFT(G97:J97,FIND("-",G97:J97)-1)),0)) + SUMPRODUCT(IFERROR(--(RIGHT(G97:J97,LEN(G97:J97)-FIND("-",G97:J97))),0))) -> 12/18 | P97: =IF((COUNTIF($N94,N97)+COUNTIF($N97,N97)+COUNTIF($N100,N97)+COUNTIF($N103,N97))=2, IFERROR(IFS(N97=$N94,IF(VALUE(LEFT(G97,FIND("-",G97)-1))>VALUE(RIGHT(G97,LEN(G97)-FIND("-",G97))),1,0), N97=$N100,IF(VALUE(LEFT(I97,FIND("-",I97)-1))>VALUE(RIGHT(I97,LEN(I97)-FIND("-",I97))),1,0), N97=$N103,IF(VALUE(LEFT(J97,FIND("-",J97)-1))>VALUE(RIGHT(J97,LEN(J97)-FIND("-",J97))),1,0)), ""), "") | Q97: {=N97+IF(SUMPRODUCT(--({$N94;$N97;$N100;$N103}=N97))=2,P97*0.1,IF(SUMPRODUCT(--({$N94;$N97;$N100;$N103}=N97))>=3,O98*0.01,0))} -> 2 | R97: {=_xlfn.RANK.EQ(Q97, {$Q94;$Q97;$Q100;$Q103}) & "位"} -> 2位
O98: =IFERROR( SUMPRODUCT(IFERROR(--(LEFT(G97:J97,FIND("-",G97:J97)-1)),0)) / (SUMPRODUCT(IFERROR(--(LEFT(G97:J97,FIND("-",G97:J97)-1)),0)) + SUMPRODUCT(IFERROR(--(RIGHT(G97:J97,LEN(G97:J97)-FIND("-",G97:J97))),0))) , 0) -> 0.66666667
C99: =IFERROR(VLOOKUP(B97&"-"&2,'リスト'!$B:$D,2,FALSE),"") -> 宮島 依吹 | F99: =IFERROR(VLOOKUP(B97&"-"&2,'リスト'!$B:$D,3,FALSE),"") -> ｄｏＭｅ
B100: =B85+4 -> 27 | C100: =IFERROR(VLOOKUP(B100&"-"&1,'リスト'!$B:$D,2,FALSE),"") -> 田中 達也 | F100: =IFERROR(VLOOKUP(B100&"-"&1,'リスト'!$B:$D,3,FALSE),"") -> たんぽぽ | G100: =IFERROR(MID(I94, FIND("-", I94) + 1, 100) & "-" & LEFT(I94, FIND("-", I94) - 1), "") -> 0-6 | H100: =IFERROR(MID(I97, FIND("-", I97) + 1, 100) & "-" & LEFT(I97, FIND("-", I97) - 1), "") -> 0-6 | I100: =IFERROR(__xludf.DUMMYFUNCTION("SPARKLINE({1,0})"),"") | J100: 6-0 | K100: =IFERROR(__xludf.DUMMYFUNCTION("SUMPRODUCT(--(REGEXMATCH(TO_TEXT(G100:J100), ""-"")), IFERROR(--(LEFT(G100:J100,FIND(""-"",G100:J100)-1)>RIGHT(G100:J100,LEN(G100:J100)-FIND(""-"",G100:J100))),0)) & ""-"" & SUMPRODUCT(--(REGEXMATCH(TO_TEXT(G100:J100), ""-"")), IFERROR(--(LEFT(G100:J100,F"&"IND(""-"",G100:J100)-1)<RIGHT(G100:J100,LEN(G100:J100)-FIND(""-"",G100:J100))),0))"),"1-2") -> 1-2 | L100: =IF(COUNTA(G94,G97,G100,G103,H94,H97,H100,H103,I94,I97,I100,I103,J94,J97,J100,J103)=16,R100,"") -> 3位 | N100: =IFERROR(VALUE(LEFT(K100,FIND("-",K100)-1)),-1) -> 1 | O100: =SUMPRODUCT(IFERROR(--(LEFT(G100:J100,FIND("-",G100:J100)-1)),0)) & "/" & (SUMPRODUCT(IFERROR(--(LEFT(G100:J100,FIND("-",G100:J100)-1)),0)) + SUMPRODUCT(IFERROR(--(RIGHT(G100:J100,LEN(G100:J100)-FIND("-",G100:J100))),0))) -> 6/18 | P100: =IF((COUNTIF($N94,N100)+COUNTIF($N97,N100)+COUNTIF($N100,N100)+COUNTIF($N103,N100))=2, IFERROR(IFS(N100=$N94,IF(VALUE(LEFT(G100,FIND("-",G100)-1))>VALUE(RIGHT(G100,LEN(G100)-FIND("-",G100))),1,0), N100=$N97,IF(VALUE(LEFT(H100,FIND("-",H100)-1))>VALUE(RIGHT(H100,LEN(H100)-FIND("-",H100))),1,0), N100=$N103,IF(VALUE(LEFT(J100,FIND("-",J100)-1))>VALUE(RIGHT(J100,LEN(J100)-FIND("-",J100))),1,0)), ""), "") | Q100: {=N100+IF(SUMPRODUCT(--({$N94;$N97;$N100;$N103}=N100))=2,P100*0.1,IF(SUMPRODUCT(--({$N94;$N97;$N100;$N103}=N100))>=3,O101*0.01,0))} -> 1 | R100: {=_xlfn.RANK.EQ(Q100, {$Q94;$Q97;$Q100;$Q103}) & "位"} -> 3位
O101: =IFERROR( SUMPRODUCT(IFERROR(--(LEFT(G100:J100,FIND("-",G100:J100)-1)),0)) / (SUMPRODUCT(IFERROR(--(LEFT(G100:J100,FIND("-",G100:J100)-1)),0)) + SUMPRODUCT(IFERROR(--(RIGHT(G100:J100,LEN(G100:J100)-FIND("-",G100:J100))),0))) , 0) -> 0.33333333
C102: =IFERROR(VLOOKUP(B100&"-"&2,'リスト'!$B:$D,2,FALSE),"") -> 田渕 夕起子 | F102: =IFERROR(VLOOKUP(B100&"-"&2,'リスト'!$B:$D,3,FALSE),"") -> ポップテニスプラス
B103: =B88+4 -> 28 | C103: =IFERROR(VLOOKUP(B103&"-"&1,'リスト'!$B:$D,2,FALSE),"") -> 中村 匡延 | F103: =IFERROR(VLOOKUP(B103&"-"&1,'リスト'!$B:$D,3,FALSE),"") -> プラセール | G103: =IFERROR(MID(J94, FIND("-", J94) + 1, 100) & "-" & LEFT(J94, FIND("-", J94) - 1), "") -> 0-6 | H103: =IFERROR(MID(J97, FIND("-", J97) + 1, 100) & "-" & LEFT(J97, FIND("-", J97) - 1), "") -> 0-6 | I103: =IFERROR(MID(J100, FIND("-", J100) + 1, 100) & "-" & LEFT(J100, FIND("-", J100) - 1), "") -> 0-6 | J103: =IFERROR(__xludf.DUMMYFUNCTION("SPARKLINE({1,0})"),"") | K103: =IFERROR(__xludf.DUMMYFUNCTION("SUMPRODUCT(--(REGEXMATCH(TO_TEXT(G103:J103), ""-"")), IFERROR(--(LEFT(G103:J103,FIND(""-"",G103:J103)-1)>RIGHT(G103:J103,LEN(G103:J103)-FIND(""-"",G103:J103))),0)) & ""-"" & SUMPRODUCT(--(REGEXMATCH(TO_TEXT(G103:J103), ""-"")), IFERROR(--(LEFT(G103:J103,F"&"IND(""-"",G103:J103)-1)<RIGHT(G103:J103,LEN(G103:J103)-FIND(""-"",G103:J103))),0))"),"0-3") -> 0-3 | L103: =IF(COUNTA(G94,G97,G100,G103,H94,H97,H100,H103,I94,I97,I100,I103,J94,J97,J100,J103)=16,R103,"") -> 4位 | N103: =IFERROR(VALUE(LEFT(K103,FIND("-",K103)-1)),-1) -> 0 | O103: =SUMPRODUCT(IFERROR(--(LEFT(G103:J103,FIND("-",G103:J103)-1)),0)) & "/" & (SUMPRODUCT(IFERROR(--(LEFT(G103:J103,FIND("-",G103:J103)-1)),0)) + SUMPRODUCT(IFERROR(--(RIGHT(G103:J103,LEN(G103:J103)-FIND("-",G103:J103))),0))) -> 0/18 | P103: =IF((COUNTIF($N94,N103)+COUNTIF($N97,N103)+COUNTIF($N100,N103)+COUNTIF($N103,N103))=2, IFERROR(IFS(N103=$N94,IF(VALUE(LEFT(G103,FIND("-",G103)-1))>VALUE(RIGHT(G103,LEN(G103)-FIND("-",G103))),1,0), N103=$N97,IF(VALUE(LEFT(H103,FIND("-",H103)-1))>VALUE(RIGHT(H103,LEN(H103)-FIND("-",H103))),1,0), N103=$N100,IF(VALUE(LEFT(I103,FIND("-",I103)-1))>VALUE(RIGHT(I103,LEN(I103)-FIND("-",I103))),1,0)), ""), "") | Q103: {=N103+IF(SUMPRODUCT(--({$N94;$N97;$N100;$N103}=N103))=2,P103*0.1,IF(SUMPRODUCT(--({$N94;$N97;$N100;$N103}=N103))>=3,O104*0.01,0))} -> 0 | R103: {=_xlfn.RANK.EQ(Q103, {$Q94;$Q97;$Q100;$Q103}) & "位"} -> 4位
O104: =IFERROR( SUMPRODUCT(IFERROR(--(LEFT(G103:J103,FIND("-",G103:J103)-1)),0)) / (SUMPRODUCT(IFERROR(--(LEFT(G103:J103,FIND("-",G103:J103)-1)),0)) + SUMPRODUCT(IFERROR(--(RIGHT(G103:J103,LEN(G103:J103)-FIND("-",G103:J103))),0))) , 0) -> 0
C105: =IFERROR(VLOOKUP(B103&"-"&2,'リスト'!$B:$D,2,FALSE),"") -> 伊吹 優子 | F105: =IFERROR(VLOOKUP(B103&"-"&2,'リスト'!$B:$D,3,FALSE),"") -> ノーレット７
B107: H | E107: リーグ | I107: =TRIM('予選'!$A$1) -> サンプル
B108: 選手名 | G108: =LEFT(C109, FIND(" ", C109 & " ") - 1) & "・" & LEFT(C111, FIND(" ", C111 & " ") - 1) -> 小川・山内 | H108: =LEFT(C112, FIND(" ", C112 & " ") - 1) & "・" & LEFT(C114, FIND(" ", C114 & " ") - 1) -> 坪上・高垣 | I108: =LEFT(C115, FIND(" ", C115 & " ") - 1) & "・" & LEFT(C117, FIND(" ", C117 & " ") - 1) -> 砂原・藤田 | J108: =LEFT(C118, FIND(" ", C118 & " ") - 1) & "・" & LEFT(C120, FIND(" ", C120 & " ") - 1) -> 外園・船越 | K108: 勝敗 | L108: 順位 | N108: 勝数 | O108: 勝率 | P108: 直接対決 | Q108: 判定 | R108: 順位
...

Sheet 予選L結果(2)
B2: L | E2: リーグ | J2: =TRIM('予選'!$A$1) -> サンプル
B3: 選手名 | G3: =LEFT(C4, FIND(" ", C4 & " ") - 1) & "・" & LEFT(C6, FIND(" ", C6 & " ") - 1) -> 小椋・前田 | H3: =LEFT(C7, FIND(" ", C7 & " ") - 1) & "・" & LEFT(C9, FIND(" ", C9 & " ") - 1) -> 住吉・福浜 | I3: =LEFT(C10, FIND(" ", C10 & " ") - 1) & "・" & LEFT(C12, FIND(" ", C12 & " ") - 1) -> 吉田・岡田 | J3: =LEFT(C13, FIND(" ", C13 & " ") - 1) & "・" & LEFT(C15, FIND(" ", C15 & " ") - 1) -> 藤田・藤田 | K3: =LEFT(C16, FIND(" ", C16 & " ") - 1) & "・" & LEFT(C18, FIND(" ", C18 & " ") - 1) -> 清水・大田 | L3: 勝敗 | M3: 順位 | O3: 勝数 | P3: 勝率 | Q3: 直接対決 | R3: 判定 | S3: 順位
B4: 45 | C4: =IFERROR(VLOOKUP(B4&"-"&1,'リスト'!$B:$D,2,FALSE),"") -> 小椋 浩二 | F4: =IFERROR(VLOOKUP(B4&"-"&1,'リスト'!$B:$D,3,FALSE),"") -> てーくおふ | G4: =IFERROR(__xludf.DUMMYFUNCTION("SPARKLINE({1,0})"),"") | H4: 6-0 | I4: 6-0 | J4: 6-0 | K4: 6-0 | L4: =IFERROR(__xludf.DUMMYFUNCTION("SUMPRODUCT(--(REGEXMATCH(TO_TEXT(G4:K4), ""-"")), IFERROR(--(LEFT(G4:K4,FIND(""-"",G4:K4)-1)>RIGHT(G4:K4,LEN(G4:K4)-FIND(""-"",G4:K4))),0)) & ""-"" & SUMPRODUCT(--(REGEXMATCH(TO_TEXT(G4:K4), ""-"")), IFERROR(--(LEFT(G4:K4,FIND(""-"",G4:K4)-1)<RIGHT(G4:K4,"&"LEN(G4:K4)-FIND(""-"",G4:K4))),0))"),"4-0") -> 4-0 | M4: =IF(COUNTA(G4,H4,H7,H10,H13,I4,I7,I10,I13,J4,J7,J10,J13,K4,K7,K10,K13,G7,G10,G13,G16,H16,I16,J16,K16)=25,S4,"") -> 1位 | O4: =IFERROR(VALUE(LEFT(L4,FIND("-",L4)-1)),-1) -> 4 | P4: =SUMPRODUCT(IFERROR(--(LEFT(H4:K4,FIND("-",H4:K4)-1)),0)) & "/" & (SUMPRODUCT(IFERROR(--(LEFT(H4:K4,FIND("-",H4:K4)-1)),0)) + SUMPRODUCT(IFERROR(--(RIGHT(H4:K4,LEN(H4:K4)-FIND("-",H4:K4))),0))) -> 24/24 | Q4: {=IF(SUMPRODUCT(--({$O4;$O7;$O10;$O13;$O16}=O4))=2, IFERROR(IFS(O4=$O7,IF(VALUE(LEFT(H4,FIND("-",H4)-1))>VALUE(RIGHT(H4,LEN(H4)-FIND("-",H4))),1,0),O4=$O10,IF(VALUE(LEFT(I4,FIND("-",I4)-1))>VALUE(RIGHT(I4,LEN(I4)-FIND("-",I4))),1,0),O4=$O13,IF(VALUE(LEFT(J4,FIND("-",J4)-1))>VALUE(RIGHT(J4,LEN(J4)-FIND("-",J4))),1,0),O4=$O16,IF(VALUE(LEFT(K4,FIND("-",K4)-1))>VALUE(RIGHT(K4,LEN(K4)-FIND("-",K4))),1,0)),""),"")} | R4: {=O4+IF(SUMPRODUCT(--({O4;O7;O10;O13;O16}=O4))=2,Q4*0.1,IF(SUMPRODUCT(--({O4;O7;O10;O13;O16}=O4))>=3,P5*0.01,0))} -> 4 | S4: {=_xlfn.RANK.EQ(R4, {R4;R7;R10;R13;R16}) & "位"} -> 1位
P5: =IFERROR( SUMPRODUCT(IFERROR(--(LEFT(H4:K4,FIND("-",H4:K4)-1)),0)) / (SUMPRODUCT(IFERROR(--(LEFT(H4:K4,FIND("-",H4:K4)-1)),0)) + SUMPRODUCT(IFERROR(--(RIGHT(H4:K4,LEN(H4:K4)-FIND("-",H4:K4))),0))) , 0) -> 1
C6: =IFERROR(VLOOKUP(B4&"-"&2,'リスト'!$B:$D,2,FALSE),"") -> 前田 美由紀 | F6: =IFERROR(VLOOKUP(B4&"-"&2,'リスト'!$B:$D,3,FALSE),"") -> てーくおふ
B7: 46 | C7: =IFERROR(VLOOKUP(B7&"-"&1,'リスト'!$B:$D,2,FALSE),"") -> 住吉 俊輝 | F7: =IFERROR(VLOOKUP(B7&"-"&1,'リスト'!$B:$D,3,FALSE),"") -> プラセール | G7: =IFERROR(MID(H4, FIND("-", H4) + 1, 100) & "-" & LEFT(H4, FIND("-", H4) - 1), "") -> 0-6 | H7: =IFERROR(__xludf.DUMMYFUNCTION("SPARKLINE({1,0})"),"") | I7: 6-0 | J7: 6-0 | K7: 6-0 | L7: =IFERROR(__xludf.DUMMYFUNCTION("SUMPRODUCT(--(REGEXMATCH(TO_TEXT(G7:K7), ""-"")), IFERROR(--(LEFT(G7:K7,FIND(""-"",G7:K7)-1)>RIGHT(G7:K7,LEN(G7:K7)-FIND(""-"",G7:K7))),0)) & ""-"" & SUMPRODUCT(--(REGEXMATCH(TO_TEXT(G7:K7), ""-"")), IFERROR(--(LEFT(G7:K7,FIND(""-"",G7:K7)-1)<RIGHT(G7:K7,"&"LEN(G7:K7)-FIND(""-"",G7:K7))),0))"),"3-1") -> 3-1 | M7: =IF(COUNTA($G$4,$H$4,$H$7,$H$10,$H$13,$I$4,$I$7,$I$10,$I$13,$J$4,$J$7,$J$10,$J$13,$K$4,$K$7,$K$10,$K$13,$G$7,$G$10,$G$13,$G$16,$H$16,$I$16,$J$16,$K$16)=25,S7,"") -> 2位 | O7: =IFERROR(VALUE(LEFT(L7,FIND("-",L7)-1)),-1) -> 3 | P7: =SUMPRODUCT(IFERROR(--(LEFT(G7:K7,FIND("-",G7:K7)-1)),0)) & "/" & (SUMPRODUCT(IFERROR(--(LEFT(G7:K7,FIND("-",G7:K7)-1)),0)) + SUMPRODUCT(IFERROR(--(RIGHT(G7:K7,LEN(G7:K7)-FIND("-",G7:K7))),0))) -> 18/24 | Q7: {=IF(SUMPRODUCT(--({O4;O7;O10;O13;O16}=O7))=2, IFERROR(IFS(O7=$O4,IF(VALUE(LEFT(H4,FIND("-",H4)-1))<VALUE(RIGHT(H4,LEN(H4)-FIND("-",H4))),1,0),O7=$O10,IF(VALUE(LEFT(I7,FIND("-",I7)-1))>VALUE(RIGHT(I7,LEN(I7)-FIND("-",I7))),1,0),O7=$O13,IF(VALUE(LEFT(J7,FIND("-",J7)-1))>VALUE(RIGHT(J7,LEN(J7)-FIND("-",J7))),1,0),O7=$O16,IF(VALUE(LEFT(K7,FIND("-",K7)-1))>VALUE(RIGHT(K7,LEN(K7)-FIND("-",K7))),1,0)),""),"")} | R7: {=O7+IF(SUMPRODUCT(--({O4;O7;O10;O13;O16}=O7))=2,Q7*0.1,IF(SUMPRODUCT(--({O4;O7;O10;O13;O16}=O7))>=3,P8*0.01,0))} -> 3 | S7: {=_xlfn.RANK.EQ(R7, {R4;R7;R10;R13;R16}) & "位"} -> 2位
P8: =IFERROR( SUMPRODUCT(IFERROR(--(LEFT(G7:K7,FIND("-",G7:K7)-1)),0)) / (SUMPRODUCT(IFERROR(--(LEFT(G7:K7,FIND("-",G7:K7)-1)),0)) + SUMPRODUCT(IFERROR(--(RIGHT(G7:K7,LEN(G7:K7)-FIND("-",G7:K7))),0))) , 0) -> 0.75
C9: =IFERROR(VLOOKUP(B7&"-"&2,'リスト'!$B:$D,2,FALSE),"") -> 福浜 美佐緒 | F9: =IFERROR(VLOOKUP(B7&"-"&2,'リスト'!$B:$D,3,FALSE),"") -> プラセール
B10: 47 | C10: =IFERROR(VLOOKUP(B10&"-"&1,'リスト'!$B:$D,2,FALSE),"") -> 吉田 浩士 | F10: =IFERROR(VLOOKUP(B10&"-"&1,'リスト'!$B:$D,3,FALSE),"") -> ノーレット７ | G10: =IFERROR(MID(I4, FIND("-", I4) + 1, 100) & "-" & LEFT(I4, FIND("-", I4) - 1), "") -> 0-6 | H10: =IFERROR(MID(I7, FIND("-", I7) + 1, 100) & "-" & LEFT(I7, FIND("-", I7) - 1), "") -> 0-6 | I10: =IFERROR(__xludf.DUMMYFUNCTION("SPARKLINE({1,0})"),"") | J10: 6-0 | K10: 6-0 | L10: =IFERROR(__xludf.DUMMYFUNCTION("SUMPRODUCT(--(REGEXMATCH(TO_TEXT(G10:K10), ""-"")), IFERROR(--(LEFT(G10:K10,FIND(""-"",G10:K10)-1)>RIGHT(G10:K10,LEN(G10:K10)-FIND(""-"",G10:K10))),0)) & ""-"" & SUMPRODUCT(--(REGEXMATCH(TO_TEXT(G10:K10), ""-"")), IFERROR(--(LEFT(G10:K10,FIND(""-"",G10:K1"&"0)-1)<RIGHT(G10:K10,LEN(G10:K10)-FIND(""-"",G10:K10))),0))"),"2-2") -> 2-2 | M10: =IF(COUNTA($G$4,$H$4,$H$7,$H$10,$H$13,$I$4,$I$7,$I$10,$I$13,$J$4,$J$7,$J$10,$J$13,$K$4,$K$7,$K$10,$K$13,$G$7,$G$10,$G$13,$G$16,$H$16,$I$16,$J$16,$K$16)=25,S10,"") -> 3位 | O10: =IFERROR(VALUE(LEFT(L10,FIND("-",L10)-1)),-1) -> 2 | P10: =SUMPRODUCT(IFERROR(--(LEFT(G10:K10,FIND("-",G10:K10)-1)),0)) & "/" & (SUMPRODUCT(IFERROR(--(LEFT(G10:K10,FIND("-",G10:K10)-1)),0)) + SUMPRODUCT(IFERROR(--(RIGHT(G10:K10,LEN(G10:K10)-FIND("-",G10:K10))),0))) -> 12/24 | Q10: {=IF(SUMPRODUCT(--({O4;O7;O10;O13;O16}=O10))=2, IFERROR(IFS(O10=$O4,IF(VALUE(LEFT(I4,FIND("-",I4)-1))<VALUE(RIGHT(I4,LEN(I4)-FIND("-",I4))),1,0),O10=$O7,IF(VALUE(LEFT(I7,FIND("-",I7)-1))<VALUE(RIGHT(I7,LEN(I7)-FIND("-",I7))),1,0),O10=$O13,IF(VALUE(LEFT(J10,FIND("-",J10)-1))>VALUE(RIGHT(J10,LEN(J10)-FIND("-",J10))),1,0),O10=$O16,IF(VALUE(LEFT(K10,FIND("-",K10)-1))>VALUE(RIGHT(K10,LEN(K10)-FIND("-",K10))),1,0)),""),"")} | R10: {=O10+IF(SUMPRODUCT(--({O4;O7;O10;O13;O16}=O10))=2,Q10*0.1,IF(SUMPRODUCT(--({O4;O7;O10;O13;O16}=O10))>=3,P11*0.01,0))} -> 2 | S10: {=_xlfn.RANK.EQ(R10, {R4;R7;R10;R13;R16}) & "位"} -> 3位
P11: =IFERROR( SUMPRODUCT(IFERROR(--(LEFT(G10:K10,FIND("-",G10:K10)-1)),0)) / (SUMPRODUCT(IFERROR(--(LEFT(G10:K10,FIND("-",G10:K10)-1)),0)) + SUMPRODUCT(IFERROR(--(RIGHT(G10:K10,LEN(G10:K10)-FIND("-",G10:K10))),0))) , 0) -> 0.5
C12: =IFERROR(VLOOKUP(B10&"-"&2,'リスト'!$B:$D,2,FALSE),"") -> 岡田 友子 | F12: =IFERROR(VLOOKUP(B10&"-"&2,'リスト'!$B:$D,3,FALSE),"") -> ノーレット７
B13: 48 | C13: =IFERROR(VLOOKUP(B13&"-"&1,'リスト'!$B:$D,2,FALSE),"") -> 藤田 和幸 | F13: =IFERROR(VLOOKUP(B13&"-"&1,'リスト'!$B:$D,3,FALSE),"") -> フリー | G13: =IFERROR(MID(J4, FIND("-", J4) + 1, 100) & "-" & LEFT(J4, FIND("-", J4) - 1), "") -> 0-6 | H13: =IFERROR(MID(J7, FIND("-", J7) + 1, 100) & "-" & LEFT(J7, FIND("-", J7) - 1), "") -> 0-6 | I13: =IFERROR(MID(J10, FIND("-", J10) + 1, 100) & "-" & LEFT(J10, FIND("-", J10) - 1), "") -> 0-6 | J13: =IFERROR(__xludf.DUMMYFUNCTION("SPARKLINE({1,0})"),"") | K13: 6-0 | L13: =IFERROR(__xludf.DUMMYFUNCTION("SUMPRODUCT(--(REGEXMATCH(TO_TEXT(G13:K13), ""-"")), IFERROR(--(LEFT(G13:K13,FIND(""-"",G13:K13)-1)>RIGHT(G13:K13,LEN(G13:K13)-FIND(""-"",G13:K13))),0)) & ""-"" & SUMPRODUCT(--(REGEXMATCH(TO_TEXT(G13:K13), ""-"")), IFERROR(--(LEFT(G13:K13,FIND(""-"",G13:K1"&"3)-1)<RIGHT(G13:K13,LEN(G13:K13)-FIND(""-"",G13:K13))),0))"),"1-3") -> 1-3 | M13: =IF(COUNTA($G$4,$H$4,$H$7,$H$10,$H$13,$I$4,$I$7,$I$10,$I$13,$J$4,$J$7,$J$10,$J$13,$K$4,$K$7,$K$10,$K$13,$G$7,$G$10,$G$13,$G$16,$H$16,$I$16,$J$16,$K$16)=25,S13,"") -> 4位 | O13: =IFERROR(VALUE(LEFT(L13,FIND("-",L13)-1)),-1) -> 1 | P13: =SUMPRODUCT(IFERROR(--(LEFT(G13:K13,FIND("-",G13:K13)-1)),0)) & "/" & (SUMPRODUCT(IFERROR(--(LEFT(G13:K13,FIND("-",G13:K13)-1)),0)) + SUMPRODUCT(IFERROR(--(RIGHT(G13:K13,LEN(G13:K13)-FIND("-",G13:K13))),0))) -> 6/24 | Q13: {=IF(SUMPRODUCT(--({O4;O7;O10;O13;O16}=O13))=2, IFERROR(IFS(O13=$O4,IF(VALUE(LEFT(J4,FIND("-",J4)-1))<VALUE(RIGHT(J4,LEN(J4)-FIND("-",J4))),1,0),O13=$O7,IF(VALUE(LEFT(J7,FIND("-",J7)-1))<VALUE(RIGHT(J7,LEN(J7)-FIND("-",J7))),1,0),O13=$O10,IF(VALUE(LEFT(J10,FIND("-",J10)-1))<VALUE(RIGHT(J10,LEN(J10)-FIND("-",J10))),1,0),O13=$O16,IF(VALUE(LEFT(K13,FIND("-",K13)-1))>VALUE(RIGHT(K13,LEN(K13)-FIND("-",K13))),1,0)),""),"")} | R13: {=O13+IF(SUMPRODUCT(--({O4;O7;O10;O13;O16}=O13))=2,Q13*0.1,IF(SUMPRODUCT(--({O4;O7;O10;O13;O16}=O13))>=3,P14*0.01,0))} -> 1 | S13: {=_xlfn.RANK.EQ(R13, {R4;R7;R10;R13;R16}) & "位"} -> 4位
P14: =IFERROR( SUMPRODUCT(IFERROR(--(LEFT(G13:K13,FIND("-",G13:K13)-1)),0)) / (SUMPRODUCT(IFERROR(--(LEFT(G13:K13,FIND("-",G13:K13)-1)),0)) + SUMPRODUCT(IFERROR(--(RIGHT(G13:K13,LEN(G13:K13)-FIND("-",G13:K13))),0))) , 0) -> 0.25
C15: =IFERROR(VLOOKUP(B13&"-"&2,'リスト'!$B:$D,2,FALSE),"") -> 藤田 美和 | F15: =IFERROR(VLOOKUP(B13&"-"&2,'リスト'!$B:$D,3,FALSE),"") -> フリー
B16: 49 | C16: =IFERROR(VLOOKUP(B16&"-"&1,'リスト'!$B:$D,2,FALSE),"") -> 清水 貴志 | F16: =IFERROR(VLOOKUP(B16&"-"&1,'リスト'!$B:$D,3,FALSE),"") -> フリー | G16: =IFERROR(MID(K4, FIND("-", K4) + 1, 100) & "-" & LEFT(K4, FIND("-", K4) - 1), "") -> 0-6 | H16: =IFERROR(MID(K7, FIND("-", K7) + 1, 100) & "-" & LEFT(K7, FIND("-", K7) - 1), "") -> 0-6 | I16: =IFERROR(MID(K10, FIND("-", K10) + 1, 100) & "-" & LEFT(K10, FIND("-", K10) - 1), "") -> 0-6 | J16: =IFERROR(MID(K13, FIND("-", K13) + 1, 100) & "-" & LEFT(K13, FIND("-", K13) - 1), "") -> 0-6 | K16: =IFERROR(__xludf.DUMMYFUNCTION("SPARKLINE({1,0})"),"") | L16: =IFERROR(__xludf.DUMMYFUNCTION("SUMPRODUCT(--(REGEXMATCH(TO_TEXT(G16:K16), ""-"")), IFERROR(--(LEFT(G16:K16,FIND(""-"",G16:K16)-1)>RIGHT(G16:K16,LEN(G16:K16)-FIND(""-"",G16:K16))),0)) & ""-"" & SUMPRODUCT(--(REGEXMATCH(TO_TEXT(G16:K16), ""-"")), IFERROR(--(LEFT(G16:K16,FIND(""-"",G16:K1"&"6)-1)<RIGHT(G16:K16,LEN(G16:K16)-FIND(""-"",G16:K16))),0))"),"0-4") -> 0-4 | M16: =IF(COUNTA($G$4,$H$4,$H$7,$H$10,$H$13,$I$4,$I$7,$I$10,$I$13,$J$4,$J$7,$J$10,$J$13,$K$4,$K$7,$K$10,$K$13,$G$7,$G$10,$G$13,$G$16,$H$16,$I$16,$J$16,$K$16)=25,S16,"") -> 5位 | O16: =IFERROR(VALUE(LEFT(L16,FIND("-",L16)-1)),-1) -> 0 | P16: =SUMPRODUCT(IFERROR(--(LEFT(G16:K16,FIND("-",G16:K16)-1)),0)) & "/" & (SUMPRODUCT(IFERROR(--(LEFT(G16:K16,FIND("-",G16:K16)-1)),0)) + SUMPRODUCT(IFERROR(--(RIGHT(G16:K16,LEN(G16:K16)-FIND("-",G16:K16))),0))) -> 0/24 | Q16: {=IF(SUMPRODUCT(--({O4;O7;O10;O13;O16}=O16))=2, IFERROR(IFS(O16=$O4,IF(VALUE(LEFT(K4,FIND("-",K4)-1))<VALUE(RIGHT(K4,LEN(K4)-FIND("-",K4))),1,0),O16=$O7,IF(VALUE(LEFT(K7,FIND("-",K7)-1))<VALUE(RIGHT(K7,LEN(K7)-FIND("-",K7))),1,0),O16=$O10,IF(VALUE(LEFT(K10,FIND("-",K10)-1))<VALUE(RIGHT(K10,LEN(K10)-FIND("-",K10))),1,0),O16=$O13,IF(VALUE(LEFT(K13,FIND("-",K13)-1))<VALUE(RIGHT(K13,LEN(K13)-FIND("-",K13))),1,0)),""),"")} | R16: {=O16+IF(SUMPRODUCT(--({O4;O7;O10;O13;O16}=O16))=2,Q16*0.1,IF(SUMPRODUCT(--({O4;O7;O10;O13;O16}=O16))>=3,P17*0.01,0))} -> 0 | S16: {=_xlfn.RANK.EQ(R16, {R4;R7;R10;R13;R16}) & "位"} -> 5位
P17: =IFERROR( SUMPRODUCT(IFERROR(--(LEFT(G16:K16,FIND("-",G16:K16)-1)),0)) / (SUMPRODUCT(IFERROR(--(LEFT(G16:K16,FIND("-",G16:K16)-1)),0)) + SUMPRODUCT(IFERROR(--(RIGHT(G16:K16,LEN(G16:K16)-FIND("-",G16:K16))),0))) , 0) -> 0
C18: =IFERROR(VLOOKUP(B16&"-"&2,'リスト'!$B:$D,2,FALSE),"") -> 大田 陽子 | F18: =IFERROR(VLOOKUP(B16&"-"&2,'リスト'!$B:$D,3,FALSE),"") -> たんぽぽ
B20: M | E20: リーグ | J20: =TRIM('予選'!$A$1) -> サンプル
B21: 選手名 | G21: =LEFT(C22, FIND(" ", C22 & " ") - 1) & "・" & LEFT(C24, FIND(" ", C24 & " ") - 1) -> 竹安・楠瀬 | H21: =LEFT(C25, FIND(" ", C25 & " ") - 1) & "・" & LEFT(C27, FIND(" ", C27 & " ") - 1) -> 橋本・今城 | I21: =LEFT(C28, FIND(" ", C28 & " ") - 1) & "・" & LEFT(C30, FIND(" ", C30 & " ") - 1) -> 井嶋・高木 | J21: =LEFT(C31, FIND(" ", C31 & " ") - 1) & "・" & LEFT(C33, FIND(" ", C33 & " ") - 1) -> 吉田・吉田 | K21: =LEFT(C34, FIND(" ", C34 & " ") - 1) & "・" & LEFT(C36, FIND(" ", C36 & " ") - 1) -> 遠藤・遠藤 | L21: 勝敗 | M21: 順位 | O21: 勝数 | P21: 勝率 | Q21: 直接対決 | R21: 判定 | S21: 順位
B22: 50 | C22: =IFERROR(VLOOKUP(B22&"-"&1,'リスト'!$B:$D,2,FALSE),"") -> 竹安 秀平 | F22: =IFERROR(VLOOKUP(B22&"-"&1,'リスト'!$B:$D,3,FALSE),"") -> ＲｅＦｌｅｘ | G22: =IFERROR(__xludf.DUMMYFUNCTION("SPARKLINE({1,0})"),"") | H22: 6-2 | I22: 3-6 | J22: 6-1 | K22: 6-4 | L22: =IFERROR(__xludf.DUMMYFUNCTION("SUMPRODUCT(--(REGEXMATCH(TO_TEXT(G22:K22), ""-"")), IFERROR(--(LEFT(G22:K22,FIND(""-"",G22:K22)-1)>RIGHT(G22:K22,LEN(G22:K22)-FIND(""-"",G22:K22))),0)) & ""-"" & SUMPRODUCT(--(REGEXMATCH(TO_TEXT(G22:K22), ""-"")), IFERROR(--(LEFT(G22:K22,FIND(""-"",G22:K2"&"2)-1)<RIGHT(G22:K22,LEN(G22:K22)-FIND(""-"",G22:K22))),0))"),"3-1") -> 3-1 | M22: =IF(COUNTA($G$22,$H$22,$H$25,$H$28,$H$31,$I$22,$I$25,$I$28,$I$31,$J$22,$J$25,$J$28,$J$31,$K$22,$K$25,$K$28,$K$31,$G$25,$G$28,$G$31,$G$34,$H$34,$I$34,$J$34,$K$34)=25,S22,"") -> 1位 | O22: =IFERROR(VALUE(LEFT(L22,FIND("-",L22)-1)),-1) -> 3 | P22: =SUMPRODUCT(IFERROR(--(LEFT(H22:K22,FIND("-",H22:K22)-1)),0)) & "/" & (SUMPRODUCT(IFERROR(--(LEFT(H22:K22,FIND("-",H22:K22)-1)),0)) + SUMPRODUCT(IFERROR(--(RIGHT(H22:K22,LEN(H22:K22)-FIND("-",H22:K22))),0))) -> 21/34 | Q22: {=IF(SUMPRODUCT(--({$O22;$O25;$O28;$O31;$O34}=O22))=2, IFERROR(IFS(O22=$O25,IF(VALUE(LEFT(H22,FIND("-",H22)-1))>VALUE(RIGHT(H22,LEN(H22)-FIND("-",H22))),1,0),O22=$O28,IF(VALUE(LEFT(I22,FIND("-",I22)-1))>VALUE(RIGHT(I22,LEN(I22)-FIND("-",I22))),1,0),O22=$O31,IF(VALUE(LEFT(J22,FIND("-",J22)-1))>VALUE(RIGHT(J22,LEN(J22)-FIND("-",J22))),1,0),O22=$O34,IF(VALUE(LEFT(K22,FIND("-",K22)-1))>VALUE(RIGHT(K22,LEN(K22)-FIND("-",K22))),1,0)),""),"")} -> 1 | R22: {=O22+IF(SUMPRODUCT(--({O22;O25;O28;O31;O34}=O22))=2,Q22*0.1,IF(SUMPRODUCT(--({O22;O25;O28;O31;O34}=O22))>=3,P23*0.01,0))} -> 3.1 | S22: {=_xlfn.RANK.EQ(R22, {R22;R25;R28;R31;R34}) & "位"} -> 1位
P23: =IFERROR( SUMPRODUCT(IFERROR(--(LEFT(H22:K22,FIND("-",H22:K22)-1)),0)) / (SUMPRODUCT(IFERROR(--(LEFT(H22:K22,FIND("-",H22:K22)-1)),0)) + SUMPRODUCT(IFERROR(--(RIGHT(H22:K22,LEN(H22:K22)-FIND("-",H22:K22))),0))) , 0) -> 0.61764706
C24: =IFERROR(VLOOKUP(B22&"-"&2,'リスト'!$B:$D,2,FALSE),"") -> 楠瀬 翔子 | F24: =IFERROR(VLOOKUP(B22&"-"&2,'リスト'!$B:$D,3,FALSE),"") -> アポロＴＣ
B25: 51 | C25: =IFERROR(VLOOKUP(B25&"-"&1,'リスト'!$B:$D,2,FALSE),"") -> 橋本 義斉 | F25: =IFERROR(VLOOKUP(B25&"-"&1,'リスト'!$B:$D,3,FALSE),"") -> Drop☆Shot | G25: =IFERROR(MID(H22, FIND("-", H22) + 1, 100) & "-" & LEFT(H22, FIND("-", H22) - 1), "") -> 2-6 | H25: =IFERROR(__xludf.DUMMYFUNCTION("SPARKLINE({1,0})"),"") | I25: 6-0 | J25: 6-0 | K25: 6-3 | L25: =IFERROR(__xludf.DUMMYFUNCTION("SUMPRODUCT(--(REGEXMATCH(TO_TEXT(G25:K25), ""-"")), IFERROR(--(LEFT(G25:K25,FIND(""-"",G25:K25)-1)>RIGHT(G25:K25,LEN(G25:K25)-FIND(""-"",G25:K25))),0)) & ""-"" & SUMPRODUCT(--(REGEXMATCH(TO_TEXT(G25:K25), ""-"")), IFERROR(--(LEFT(G25:K25,FIND(""-"",G25:K2"&"5)-1)<RIGHT(G25:K25,LEN(G25:K25)-FIND(""-"",G25:K25))),0))"),"3-1") -> 3-1 | M25: =IF(COUNTA($G$22,$H$22,$H$25,$H$28,$H$31,$I$22,$I$25,$I$28,$I$31,$J$22,$J$25,$J$28,$J$31,$K$22,$K$25,$K$28,$K$31,$G$25,$G$28,$G$31,$G$34,$H$34,$I$34,$J$34,$K$34)=25,S25,"") -> 2位 | O25: =IFERROR(VALUE(LEFT(L25,FIND("-",L25)-1)),-1) -> 3 | P25: =SUMPRODUCT(IFERROR(--(LEFT(G25:K25,FIND("-",G25:K25)-1)),0)) & "/" & (SUMPRODUCT(IFERROR(--(LEFT(G25:K25,FIND("-",G25:K25)-1)),0)) + SUMPRODUCT(IFERROR(--(RIGHT(G25:K25,LEN(G25:K25)-FIND("-",G25:K25))),0))) -> 20/29 | Q25: {=IF(SUMPRODUCT(--({O22;O25;O28;O31;O34}=O25))=2, IFERROR(IFS(O25=$O22,IF(VALUE(LEFT(H22,FIND("-",H22)-1))<VALUE(RIGHT(H22,LEN(H22)-FIND("-",H22))),1,0),O25=$O28,IF(VALUE(LEFT(I25,FIND("-",I25)-1))>VALUE(RIGHT(I25,LEN(I25)-FIND("-",I25))),1,0),O25=$O31,IF(VALUE(LEFT(J25,FIND("-",J25)-1))>VALUE(RIGHT(J25,LEN(J25)-FIND("-",J25))),1,0),O25=$O34,IF(VALUE(LEFT(K25,FIND("-",K25)-1))>VALUE(RIGHT(K25,LEN(K25)-FIND("-",K25))),1,0)),""),"")} -> 0 | R25: {=O25+IF(SUMPRODUCT(--({O22;O25;O28;O31;O34}=O25))=2,Q25*0.1,IF(SUMPRODUCT(--({O22;O25;O28;O31;O34}=O25))>=3,P26*0.01,0))} -> 3 | S25: {=_xlfn.RANK.EQ(R25, {R22;R25;R28;R31;R34}) & "位"} -> 2位
P26: =IFERROR( SUMPRODUCT(IFERROR(--(LEFT(G25:K25,FIND("-",G25:K25)-1)),0)) / (SUMPRODUCT(IFERROR(--(LEFT(G25:K25,FIND("-",G25:K25)-1)),0)) + SUMPRODUCT(IFERROR(--(RIGHT(G25:K25,LEN(G25:K25)-FIND("-",G25:K25))),0))) , 0) -> 0.68965517
C27: =IFERROR(VLOOKUP(B25&"-"&2,'リスト'!$B:$D,2,FALSE),"") -> 今城 由美 | F27: =IFERROR(VLOOKUP(B25&"-"&2,'リスト'!$B:$D,3,FALSE),"") -> レイリー
B28: 52 | C28: =IFERROR(VLOOKUP(B28&"-"&1,'リスト'!$B:$D,2,FALSE),"") -> 井嶋 昭二 | F28: =IFERROR(VLOOKUP(B28&"-"&1,'リスト'!$B:$D,3,FALSE),"") -> RedHotChiliPeppers | G28: =IFERROR(MID(I22, FIND("-", I22) + 1, 100) & "-" & LEFT(I22, FIND("-", I22) - 1), "") -> 6-3 | H28: =IFERROR(MID(I25, FIND("-", I25) + 1, 100) & "-" & LEFT(I25, FIND("-", I25) - 1), "") -> 0-6 | I28: =IFERROR(__xludf.DUMMYFUNCTION("SPARKLINE({1,0})"),"") | J28: 3-6 | K28: 6-0 | L28: =IFERROR(__xludf.DUMMYFUNCTION("SUMPRODUCT(--(REGEXMATCH(TO_TEXT(G28:K28), ""-"")), IFERROR(--(LEFT(G28:K28,FIND(""-"",G28:K28)-1)>RIGHT(G28:K28,LEN(G28:K28)-FIND(""-"",G28:K28))),0)) & ""-"" & SUMPRODUCT(--(REGEXMATCH(TO_TEXT(G28:K28), ""-"")), IFERROR(--(LEFT(G28:K28,FIND(""-"",G28:K2"&"8)-1)<RIGHT(G28:K28,LEN(G28:K28)-FIND(""-"",G28:K28))),0))"),"2-2") -> 2-2 | M28: =IF(COUNTA($G$22,$H$22,$H$25,$H$28,$H$31,$I$22,$I$25,$I$28,$I$31,$J$22,$J$25,$J$28,$J$31,$K$22,$K$25,$K$28,$K$31,$G$25,$G$28,$G$31,$G$34,$H$34,$I$34,$J$34,$K$34)=25,S28,"") -> 3位 | O28: =IFERROR(VALUE(LEFT(L28,FIND("-",L28)-1)),-1) -> 2 | P28: =SUMPRODUCT(IFERROR(--(LEFT(G28:K28,FIND("-",G28:K28)-1)),0)) & "/" & (SUMPRODUCT(IFERROR(--(LEFT(G28:K28,FIND("-",G28:K28)-1)),0)) + SUMPRODUCT(IFERROR(--(RIGHT(G28:K28,LEN(G28:K28)-FIND("-",G28:K28))),0))) -> 15/30 | Q28: {=IF(SUMPRODUCT(--({O22;O25;O28;O31;O34}=O28))=2, IFERROR(IFS(O28=$O22,IF(VALUE(LEFT(I22,FIND("-",I22)-1))<VALUE(RIGHT(I22,LEN(I22)-FIND("-",I22))),1,0),O28=$O25,IF(VALUE(LEFT(I25,FIND("-",I25)-1))<VALUE(RIGHT(I25,LEN(I25)-FIND("-",I25))),1,0),O28=$O31,IF(VALUE(LEFT(J28,FIND("-",J28)-1))>VALUE(RIGHT(J28,LEN(J28)-FIND("-",J28))),1,0),O28=$O34,IF(VALUE(LEFT(K28,FIND("-",K28)-1))>VALUE(RIGHT(K28,LEN(K28)-FIND("-",K28))),1,0)),""),"")} | R28: {=O28+IF(SUMPRODUCT(--({O22;O25;O28;O31;O34}=O28))=2,Q28*0.1,IF(SUMPRODUCT(--({O22;O25;O28;O31;O34}=O28))>=3,P29*0.01,0))} -> 2 | S28: {=_xlfn.RANK.EQ(R28, {R22;R25;R28;R31;R34}) & "位"} -> 3位
P29: =IFERROR( SUMPRODUCT(IFERROR(--(LEFT(G28:K28,FIND("-",G28:K28)-1)),0)) / (SUMPRODUCT(IFERROR(--(LEFT(G28:K28,FIND("-",G28:K28)-1)),0)) + SUMPRODUCT(IFERROR(--(RIGHT(G28:K28,LEN(G28:K28)-FIND("-",G28:K28))),0))) , 0) -> 0.5
C30: =IFERROR(VLOOKUP(B28&"-"&2,'リスト'!$B:$D,2,FALSE),"") -> 高木 美穂 | F30: =IFERROR(VLOOKUP(B28&"-"&2,'リスト'!$B:$D,3,FALSE),"") -> ラフ
B31: 53 | C31: =IFERROR(VLOOKUP(B31&"-"&1,'リスト'!$B:$D,2,FALSE),"") -> 吉田 拳士 | F31: =IFERROR(VLOOKUP(B31&"-"&1,'リスト'!$B:$D,3,FALSE),"") -> サニーテニス | G31: =IFERROR(MID(J22, FIND("-", J22) + 1, 100) & "-" & LEFT(J22, FIND("-", J22) - 1), "") -> 1-6 | H31: =IFERROR(MID(J25, FIND("-", J25) + 1, 100) & "-" & LEFT(J25, FIND("-", J25) - 1), "") -> 0-6 | I31: =IFERROR(MID(J28, FIND("-", J28) + 1, 100) & "-" & LEFT(J28, FIND("-", J28) - 1), "") -> 6-3 | J31: =IFERROR(__xludf.DUMMYFUNCTION("SPARKLINE({1,0})"),"") | K31: 1-6 | L31: =IFERROR(__xludf.DUMMYFUNCTION("SUMPRODUCT(--(REGEXMATCH(TO_TEXT(G31:K31), ""-"")), IFERROR(--(LEFT(G31:K31,FIND(""-"",G31:K31)-1)>RIGHT(G31:K31,LEN(G31:K31)-FIND(""-"",G31:K31))),0)) & ""-"" & SUMPRODUCT(--(REGEXMATCH(TO_TEXT(G31:K31), ""-"")), IFERROR(--(LEFT(G31:K31,FIND(""-"",G31:K3"&"1)-1)<RIGHT(G31:K31,LEN(G31:K31)-FIND(""-"",G31:K31))),0))"),"1-3") -> 1-3 | M31: =IF(COUNTA($G$22,$H$22,$H$25,$H$28,$H$31,$I$22,$I$25,$I$28,$I$31,$J$22,$J$25,$J$28,$J$31,$K$22,$K$25,$K$28,$K$31,$G$25,$G$28,$G$31,$G$34,$H$34,$I$34,$J$34,$K$34)=25,S31,"") -> 5位 | O31: =IFERROR(VALUE(LEFT(L31,FIND("-",L31)-1)),-1) -> 1 | P31: =SUMPRODUCT(IFERROR(--(LEFT(G31:K31,FIND("-",G31:K31)-1)),0)) & "/" & (SUMPRODUCT(IFERROR(--(LEFT(G31:K31,FIND("-",G31:K31)-1)),0)) + SUMPRODUCT(IFERROR(--(RIGHT(G31:K31,LEN(G31:K31)-FIND("-",G31:K31))),0))) -> 8/29 | Q31: {=IF(SUMPRODUCT(--({O22;O25;O28;O31;O34}=O31))=2, IFERROR(IFS(O31=$O22,IF(VALUE(LEFT(J22,FIND("-",J22)-1))<VALUE(RIGHT(J22,LEN(J22)-FIND("-",J22))),1,0),O31=$O25,IF(VALUE(LEFT(J25,FIND("-",J25)-1))<VALUE(RIGHT(J25,LEN(J25)-FIND("-",J25))),1,0),O31=$O28,IF(VALUE(LEFT(J28,FIND("-",J28)-1))<VALUE(RIGHT(J28,LEN(J28)-FIND("-",J28))),1,0),O31=$O34,IF(VALUE(LEFT(K31,FIND("-",K31)-1))>VALUE(RIGHT(K31,LEN(K31)-FIND("-",K31))),1,0)),""),"")} -> 0 | R31: {=O31+IF(SUMPRODUCT(--({O22;O25;O28;O31;O34}=O31))=2,Q31*0.1,IF(SUMPRODUCT(--({O22;O25;O28;O31;O34}=O31))>=3,P32*0.01,0))} -> 1 | S31: {=_xlfn.RANK.EQ(R31, {R22;R25;R28;R31;R34}) & "位"} -> 5位
P32: =IFERROR( SUMPRODUCT(IFERROR(--(LEFT(G31:K31,FIND("-",G31:K31)-1)),0)) / (SUMPRODUCT(IFERROR(--(LEFT(G31:K31,FIND("-",G31:K31)-1)),0)) + SUMPRODUCT(IFERROR(--(RIGHT(G31:K31,LEN(G31:K31)-FIND("-",G31:K31))),0))) , 0) -> 0.27586207
C33: =IFERROR(VLOOKUP(B31&"-"&2,'リスト'!$B:$D,2,FALSE),"") -> 吉田 由乃 | F33: =IFERROR(VLOOKUP(B31&"-"&2,'リスト'!$B:$D,3,FALSE),"") -> サニーテニス
B34: 54 | C34: =IFERROR(VLOOKUP(B34&"-"&1,'リスト'!$B:$D,2,FALSE),"") -> 遠藤 絢弥 | F34: =IFERROR(VLOOKUP(B34&"-"&1,'リスト'!$B:$D,3,FALSE),"") -> フリー | G34: =IFERROR(MID(K22, FIND("-", K22) + 1, 100) & "-" & LEFT(K22, FIND("-", K22) - 1), "") -> 4-6 | H34: =IFERROR(MID(K25, FIND("-", K25) + 1, 100) & "-" & LEFT(K25, FIND("-", K25) - 1), "") -> 3-6 | I34: =IFERROR(MID(K28, FIND("-", K28) + 1, 100) & "-" & LEFT(K28, FIND("-", K28) - 1), "") -> 0-6 | J34: =IFERROR(MID(K31, FIND("-", K31) + 1, 100) & "-" & LEFT(K31, FIND("-", K31) - 1), "") -> 6-1 | K34: =IFERROR(__xludf.DUMMYFUNCTION("SPARKLINE({1,0})"),"") | L34: =IFERROR(__xludf.DUMMYFUNCTION("SUMPRODUCT(--(REGEXMATCH(TO_TEXT(G34:K34), ""-"")), IFERROR(--(LEFT(G34:K34,FIND(""-"",G34:K34)-1)>RIGHT(G34:K34,LEN(G34:K34)-FIND(""-"",G34:K34))),0)) & ""-"" & SUMPRODUCT(--(REGEXMATCH(TO_TEXT(G34:K34), ""-"")), IFERROR(--(LEFT(G34:K34,FIND(""-"",G34:K3"&"4)-1)<RIGHT(G34:K34,LEN(G34:K34)-FIND(""-"",G34:K34))),0))"),"1-3") -> 1-3 | M34: =IF(COUNTA($G$22,$H$22,$H$25,$H$28,$H$31,$I$22,$I$25,$I$28,$I$31,$J$22,$J$25,$J$28,$J$31,$K$22,$K$25,$K$28,$K$31,$G$25,$G$28,$G$31,$G$34,$H$34,$I$34,$J$34,$K$34)=25,S34,"") -> 4位 | O34: =IFERROR(VALUE(LEFT(L34,FIND("-",L34)-1)),-1) -> 1 | P34: =SUMPRODUCT(IFERROR(--(LEFT(G34:K34,FIND("-",G34:K34)-1)),0)) & "/" & (SUMPRODUCT(IFERROR(--(LEFT(G34:K34,FIND("-",G34:K34)-1)),0)) + SUMPRODUCT(IFERROR(--(RIGHT(G34:K34,LEN(G34:K34)-FIND("-",G34:K34))),0))) -> 13/32 | Q34: {=IF(SUMPRODUCT(--({O22;O25;O28;O31;O34}=O34))=2, IFERROR(IFS(O34=$O22,IF(VALUE(LEFT(K22,FIND("-",K22)-1))<VALUE(RIGHT(K22,LEN(K22)-FIND("-",K22))),1,0),O34=$O25,IF(VALUE(LEFT(K25,FIND("-",K25)-1))<VALUE(RIGHT(K25,LEN(K25)-FIND("-",K25))),1,0),O34=$O28,IF(VALUE(LEFT(K28,FIND("-",K28)-1))<VALUE(RIGHT(K28,LEN(K28)-FIND("-",K28))),1,0),O34=$O31,IF(VALUE(LEFT(K31,FIND("-",K31)-1))<VALUE(RIGHT(K31,LEN(K31)-FIND("-",K31))),1,0)),""),"")} -> 1 | R34: {=O34+IF(SUMPRODUCT(--({O22;O25;O28;O31;O34}=O34))=2,Q34*0.1,IF(SUMPRODUCT(--({O22;O25;O28;O31;O34}=O34))>=3,P35*0.01,0))} -> 1.1 | S34: {=_xlfn.RANK.EQ(R34, {R22;R25;R28;R31;R34}) & "位"} -> 4位
P35: =IFERROR( SUMPRODUCT(IFERROR(--(LEFT(G34:K34,FIND("-",G34:K34)-1)),0)) / (SUMPRODUCT(IFERROR(--(LEFT(G34:K34,FIND("-",G34:K34)-1)),0)) + SUMPRODUCT(IFERROR(--(RIGHT(G34:K34,LEN(G34:K34)-FIND("-",G34:K34))),0))) , 0) -> 0.40625
C36: =IFERROR(VLOOKUP(B34&"-"&2,'リスト'!$B:$D,2,FALSE),"") -> 遠藤 夏希 | F36: =IFERROR(VLOOKUP(B34&"-"&2,'リスト'!$B:$D,3,FALSE),"") -> 湖山池ＴＣ

Sheet 対戦順
A1: トーナメント | C1: A | F1: B | I1: 試合結果 | L1: 複数選択
A2: 種目 | B2: 回線 | C2: 番号 | D2: 名前 | F2: 番号 | G2: 名前 | I2: A | J2: B | K2: タイブレ | L2: FALSE
A3: ='順位別トーナメント'!$B$2 -> 1位トーナメント | B3: 1回線 | C3: ='順位別トーナメント'!B6 -> 5 | D3: =IFERROR(VLOOKUP(C3&"-"&1,'リスト'!$B:$D,2,FALSE),"") -> 常村 和仁 | E3: =IFERROR(VLOOKUP(C3&"-"&2,'リスト'!$B:$D,2,FALSE),"") -> 前田 良枝 | F3: ='順位別トーナメント'!B8 -> 9 | G3: =IFERROR(VLOOKUP(F3&"-"&1,'リスト'!$B:$D,2,FALSE),"") -> 近藤 哲生 | H3: =IFERROR(VLOOKUP(F3&"-"&2,'リスト'!$B:$D,2,FALSE),"") -> 前田 陽子 | I3: 6 | J3: 3 | L3: FALSE
A4: ='順位別トーナメント'!$B$2 -> 1位トーナメント | B4: 1回線 | C4: ='順位別トーナメント'!B10 -> 13 | D4: =IFERROR(VLOOKUP(C4&"-"&1,'リスト'!$B:$D,2,FALSE),"") -> 小谷 桂介 | E4: =IFERROR(VLOOKUP(C4&"-"&2,'リスト'!$B:$D,2,FALSE),"") -> 小谷 佐知子 | F4: ='順位別トーナメント'!B12 -> 17 | G4: =IFERROR(VLOOKUP(F4&"-"&1,'リスト'!$B:$D,2,FALSE),"") -> 谷本 卓也 | H4: =IFERROR(VLOOKUP(F4&"-"&2,'リスト'!$B:$D,2,FALSE),"") -> 谷口 圭子 | I4: 3 | J4: 6 | L4: FALSE
A5: ='順位別トーナメント'!$B$2 -> 1位トーナメント | B5: 1回線 | C5: ='順位別トーナメント'!B14 -> 21 | D5: =IFERROR(VLOOKUP(C5&"-"&1,'リスト'!$B:$D,2,FALSE),"") -> 杉野 隆志 | E5: =IFERROR(VLOOKUP(C5&"-"&2,'リスト'!$B:$D,2,FALSE),"") -> 中村 公恵 | F5: ='順位別トーナメント'!B16 -> 25 | G5: =IFERROR(VLOOKUP(F5&"-"&1,'リスト'!$B:$D,2,FALSE),"") -> 米村 琢巳 | H5: =IFERROR(VLOOKUP(F5&"-"&2,'リスト'!$B:$D,2,FALSE),"") -> 佐藤 陽子 | I5: 3 | J5: 6 | L5: FALSE
A6: ='順位別トーナメント'!$B$2 -> 1位トーナメント | B6: 1回線 | C6: ='順位別トーナメント'!W6 -> 33 | D6: =IFERROR(VLOOKUP(C6&"-"&1,'リスト'!$B:$D,2,FALSE),"") -> 山口 辰之 | E6: =IFERROR(VLOOKUP(C6&"-"&2,'リスト'!$B:$D,2,FALSE),"") -> 宮本 真有 | F6: ='順位別トーナメント'!W8 -> 37 | G6: =IFERROR(VLOOKUP(F6&"-"&1,'リスト'!$B:$D,2,FALSE),"") -> 細川 善貴 | H6: =IFERROR(VLOOKUP(F6&"-"&2,'リスト'!$B:$D,2,FALSE),"") -> 厨子 沙也香 | I6: 4 | J6: 6 | L6: FALSE
A7: ='順位別トーナメント'!$B$2 -> 1位トーナメント | B7: 1回線 | C7: ='順位別トーナメント'!W10 -> 41 | D7: =IFERROR(VLOOKUP(C7&"-"&1,'リスト'!$B:$D,2,FALSE),"") -> 丸川 康生 | E7: =IFERROR(VLOOKUP(C7&"-"&2,'リスト'!$B:$D,2,FALSE),"") -> 山根 崇子 | F7: ='順位別トーナメント'!W12 -> 45 | G7: =IFERROR(VLOOKUP(F7&"-"&1,'リスト'!$B:$D,2,FALSE),"") -> 小椋 浩二 | H7: =IFERROR(VLOOKUP(F7&"-"&2,'リスト'!$B:$D,2,FALSE),"") -> 前田 美由紀 | I7: 4 | J7: 6 | L7: FALSE
A8: ='順位別トーナメント'!$B$2 -> 1位トーナメント | B8: 準々決勝 | C8: ='順位別トーナメント'!B4 -> 1 | D8: =IFERROR(VLOOKUP(C8&"-"&1,'リスト'!$B:$D,2,FALSE),"") -> 藤田 智博 | E8: =IFERROR(VLOOKUP(C8&"-"&2,'リスト'!$B:$D,2,FALSE),"") -> 山根 陽子 | F8: =IF(I3="","", IF(J3>I3, F3, C3)) -> 5 | G8: =IFERROR(VLOOKUP(F8&"-"&1,'リスト'!$B:$D,2,FALSE),"") -> 常村 和仁 | H8: =IFERROR(VLOOKUP(F8&"-"&2,'リスト'!$B:$D,2,FALSE),"") -> 前田 良枝 | I8: 4 | J8: 6 | L8: FALSE
A9: ='順位別トーナメント'!$B$2 -> 1位トーナメント | B9: 準々決勝 | C9: =IF(I4="","", IF(J4>I4, F4, C4)) -> 17 | D9: =IFERROR(VLOOKUP(C9&"-"&1,'リスト'!$B:$D,2,FALSE),"") -> 谷本 卓也 | E9: =IFERROR(VLOOKUP(C9&"-"&2,'リスト'!$B:$D,2,FALSE),"") -> 谷口 圭子 | F9: =IF(J5>I5, F5, C5) -> 25 | G9: =IFERROR(VLOOKUP(F9&"-"&1,'リスト'!$B:$D,2,FALSE),"") -> 米村 琢巳 | H9: =IFERROR(VLOOKUP(F9&"-"&2,'リスト'!$B:$D,2,FALSE),"") -> 佐藤 陽子 | I9: 4 | J9: 6 | L9: FALSE
A10: ='順位別トーナメント'!$B$2 -> 1位トーナメント | B10: 準々決勝 | C10: ='順位別トーナメント'!W4 -> 29 | D10: =IFERROR(VLOOKUP(C10&"-"&1,'リスト'!$B:$D,2,FALSE),"") -> 小川 拓 | E10: =IFERROR(VLOOKUP(C10&"-"&2,'リスト'!$B:$D,2,FALSE),"") -> 山内 恵子 | F10: =IF(J6>I6, F6, C6) -> 37 | G10: =IFERROR(VLOOKUP(F10&"-"&1,'リスト'!$B:$D,2,FALSE),"") -> 細川 善貴 | H10: =IFERROR(VLOOKUP(F10&"-"&2,'リスト'!$B:$D,2,FALSE),"") -> 厨子 沙也香 | I10: 4 | J10: 6 | L10: FALSE
A11: ='順位別トーナメント'!$B$2 -> 1位トーナメント | B11: 準々決勝 | C11: =IF(I7="","", IF(J7>I7, F7, C7)) -> 45 | D11: =IFERROR(VLOOKUP(C11&"-"&1,'リスト'!$B:$D,2,FALSE),"") -> 小椋 浩二 | E11: =IFERROR(VLOOKUP(C11&"-"&2,'リスト'!$B:$D,2,FALSE),"") -> 前田 美由紀 | F11: ='順位別トーナメント'!W14 -> 50 | G11: =IFERROR(VLOOKUP(F11&"-"&1,'リスト'!$B:$D,2,FALSE),"") -> 竹安 秀平 | H11: =IFERROR(VLOOKUP(F11&"-"&2,'リスト'!$B:$D,2,FALSE),"") -> 楠瀬 翔子 | I11: 4 | J11: 6 | L11: FALSE
A12: ='順位別トーナメント'!$B$2 -> 1位トーナメント | B12: 準決勝 | C12: =if(I8="","", IF(J8>I8, F8, C8)) -> 5 | D12: =IFERROR(VLOOKUP(C12&"-"&1,'リスト'!$B:$D,2,FALSE),"") -> 常村 和仁 | E12: =IFERROR(VLOOKUP(C12&"-"&2,'リスト'!$B:$D,2,FALSE),"") -> 前田 良枝 | F12: =IF(J9>I9, F9, C9) -> 25 | G12: =IFERROR(VLOOKUP(F12&"-"&1,'リスト'!$B:$D,2,FALSE),"") -> 米村 琢巳 | H12: =IFERROR(VLOOKUP(F12&"-"&2,'リスト'!$B:$D,2,FALSE),"") -> 佐藤 陽子 | I12: 4 | J12: 6 | L12: FALSE
A13: ='順位別トーナメント'!$B$2 -> 1位トーナメント | B13: 準決勝 | C13: =if(I10="","", IF(J10>I10, F10, C10)) -> 37 | D13: =IFERROR(VLOOKUP(C13&"-"&1,'リスト'!$B:$D,2,FALSE),"") -> 細川 善貴 | E13: =IFERROR(VLOOKUP(C13&"-"&2,'リスト'!$B:$D,2,FALSE),"") -> 厨子 沙也香 | F13: =IF(I11="","", IF(J11>I11, F11, C11)) -> 50 | G13: =IFERROR(VLOOKUP(F13&"-"&1,'リスト'!$B:$D,2,FALSE),"") -> 竹安 秀平 | H13: =IFERROR(VLOOKUP(F13&"-"&2,'リスト'!$B:$D,2,FALSE),"") -> 楠瀬 翔子 | I13: 4 | J13: 6 | L13: FALSE
A14: ='順位別トーナメント'!$B$2 -> 1位トーナメント | B14: 決勝 | C14: =if(I12="","", IF(J12>I12, F12, C12)) -> 25 | D14: =IFERROR(VLOOKUP(C14&"-"&1,'リスト'!$B:$D,2,FALSE),"") -> 米村 琢巳 | E14: =IFERROR(VLOOKUP(C14&"-"&2,'リスト'!$B:$D,2,FALSE),"") -> 佐藤 陽子 | F14: =IF(I13="","", IF(J13>I13, F13, C13)) -> 50 | G14: =IFERROR(VLOOKUP(F14&"-"&1,'リスト'!$B:$D,2,FALSE),"") -> 竹安 秀平 | H14: =IFERROR(VLOOKUP(F14&"-"&2,'リスト'!$B:$D,2,FALSE),"") -> 楠瀬 翔子 | I14: 4 | J14: 6 | L14: FALSE
A15: ='順位別トーナメント'!$B$20 -> 2位トーナメント | B15: 1回線 | C15: =IFERROR('順位別トーナメント'!B24,"") -> 22 | D15: =IFERROR(VLOOKUP(C15&"-"&1,'リスト'!$B:$D,2,FALSE),"") -> 小谷 神一郎 | E15: =IFERROR(VLOOKUP(C15&"-"&2,'リスト'!$B:$D,2,FALSE),"") -> 青木 楓 | F15: =IFERROR('順位別トーナメント'!B26,"") -> 14 | G15: =IFERROR(VLOOKUP(F15&"-"&1,'リスト'!$B:$D,2,FALSE),"") -> 中里 海 | H15: =IFERROR(VLOOKUP(F15&"-"&2,'リスト'!$B:$D,2,FALSE),"") -> 市川 朋子 | I15: 4 | J15: 6 | L15: FALSE
A16: ='順位別トーナメント'!$B$20 -> 2位トーナメント | B16: 1回線 | C16: =IFERROR('順位別トーナメント'!B28,"") -> 34 | D16: =IFERROR(VLOOKUP(C16&"-"&1,'リスト'!$B:$D,2,FALSE),"") -> 高木 道大 | E16: =IFERROR(VLOOKUP(C16&"-"&2,'リスト'!$B:$D,2,FALSE),"") -> 北脇 禎恵 | F16: =IFERROR('順位別トーナメント'!B30,"") -> 11 | G16: =IFERROR(VLOOKUP(F16&"-"&1,'リスト'!$B:$D,2,FALSE),"") -> 和気 久 | H16: =IFERROR(VLOOKUP(F16&"-"&2,'リスト'!$B:$D,2,FALSE),"") -> 長川 朱美 | I16: 4 | J16: 6 | L16: FALSE
A17: ='順位別トーナメント'!$B$20 -> 2位トーナメント | B17: 1回線 | C17: =IFERROR('順位別トーナメント'!B32,"") -> 26 | D17: =IFERROR(VLOOKUP(C17&"-"&1,'リスト'!$B:$D,2,FALSE),"") -> 松原 成哉 | E17: =IFERROR(VLOOKUP(C17&"-"&2,'リスト'!$B:$D,2,FALSE),"") -> 宮島 依吹 | F17: =IFERROR('順位別トーナメント'!B34,"") -> 18 | G17: =IFERROR(VLOOKUP(F17&"-"&1,'リスト'!$B:$D,2,FALSE),"") -> 田中 憲一 | H17: =IFERROR(VLOOKUP(F17&"-"&2,'リスト'!$B:$D,2,FALSE),"") -> 山﨑 弥生 | I17: 4 | J17: 6 | L17: FALSE
A18: ='順位別トーナメント'!$B$20 -> 2位トーナメント | B18: 1回線 | C18: =IFERROR('順位別トーナメント'!W24,"") -> 2 | D18: =IFERROR(VLOOKUP(C18&"-"&1,'リスト'!$B:$D,2,FALSE),"") -> 岸本 健悟 | E18: =IFERROR(VLOOKUP(C18&"-"&2,'リスト'!$B:$D,2,FALSE),"") -> 三浦 舞子 | F18: =IFERROR('順位別トーナメント'!W26,"") -> 46 | G18: =IFERROR(VLOOKUP(F18&"-"&1,'リスト'!$B:$D,2,FALSE),"") -> 住吉 俊輝 | H18: =IFERROR(VLOOKUP(F18&"-"&2,'リスト'!$B:$D,2,FALSE),"") -> 福浜 美佐緒 | I18: 4 | J18: 6 | L18: FALSE
A19: ='順位別トーナメント'!$B$20 -> 2位トーナメント | B19: 1回線 | C19: =IFERROR('順位別トーナメント'!W28,"") -> 6 | D19: =IFERROR(VLOOKUP(C19&"-"&1,'リスト'!$B:$D,2,FALSE),"") -> 山辺 裕司 | E19: =IFERROR(VLOOKUP(C19&"-"&2,'リスト'!$B:$D,2,FALSE),"") -> 蓼本 裕美 | F19: =IFERROR('順位別トーナメント'!W30,"") -> 51 | G19: =IFERROR(VLOOKUP(F19&"-"&1,'リスト'!$B:$D,2,FALSE),"") -> 橋本 義斉 | H19: =IFERROR(VLOOKUP(F19&"-"&2,'リスト'!$B:$D,2,FALSE),"") -> 今城 由美 | I19: 4 | J19: 6 | L19: FALSE
A20: ='順位別トーナメント'!$B$20 -> 2位トーナメント | B20: 準々決勝 | C20: =IFERROR('順位別トーナメント'!B22,"") -> 38 | D20: =IFERROR(VLOOKUP(C20&"-"&1,'リスト'!$B:$D,2,FALSE),"") -> 柳武 剛 | E20: =IFERROR(VLOOKUP(C20&"-"&2,'リスト'!$B:$D,2,FALSE),"") -> 鳥飼 明子 | F20: =IF(I15="","", IF(J15>I15, F15, C15)) -> 14 | G20: =IFERROR(VLOOKUP(F20&"-"&1,'リスト'!$B:$D,2,FALSE),"") -> 中里 海 | H20: =IFERROR(VLOOKUP(F20&"-"&2,'リスト'!$B:$D,2,FALSE),"") -> 市川 朋子 | I20: 4 | J20: 6 | L20: FALSE
A21: ='順位別トーナメント'!$B$20 -> 2位トーナメント | B21: 準々決勝 | C21: =IF(I16="","", IF(J16>I16, F16, C16)) -> 11 | D21: =IFERROR(VLOOKUP(C21&"-"&1,'リスト'!$B:$D,2,FALSE),"") -> 和気 久 | E21: =IFERROR(VLOOKUP(C21&"-"&2,'リスト'!$B:$D,2,FALSE),"") -> 長川 朱美 | F21: =IF(I17="","", IF(J17>I17, F17, C17)) -> 18 | G21: =IFERROR(VLOOKUP(F21&"-"&1,'リスト'!$B:$D,2,FALSE),"") -> 田中 憲一 | H21: =IFERROR(VLOOKUP(F21&"-"&2,'リスト'!$B:$D,2,FALSE),"") -> 山﨑 弥生 | I21: 4 | J21: 6 | L21: FALSE
A22: ='順位別トーナメント'!$B$20 -> 2位トーナメント | B22: 準々決勝 | C22: =IFERROR('順位別トーナメント'!W22,"") -> 30 | D22: =IFERROR(VLOOKUP(C22&"-"&1,'リスト'!$B:$D,2,FALSE),"") -> 坪上 雄太 | E22: =IFERROR(VLOOKUP(C22&"-"&2,'リスト'!$B:$D,2,FALSE),"") -> 高垣 雅美 | F22: =IF(I18="","", IF(J18>I18, F18, C18)) -> 46 | G22: =IFERROR(VLOOKUP(F22&"-"&1,'リスト'!$B:$D,2,FALSE),"") -> 住吉 俊輝 | H22: =IFERROR(VLOOKUP(F22&"-"&2,'リスト'!$B:$D,2,FALSE),"") -> 福浜 美佐緒 | I22: 4 | J22: 6 | L22: FALSE
A23: ='順位別トーナメント'!$B$20 -> 2位トーナメント | B23: 準々決勝 | C23: =if(I19="","", IF(J19>I19, F19, C19)) -> 51 | D23: =IFERROR(VLOOKUP(C23&"-"&1,'リスト'!$B:$D,2,FALSE),"") -> 橋本 義斉 | E23: =IFERROR(VLOOKUP(C23&"-"&2,'リスト'!$B:$D,2,FALSE),"") -> 今城 由美 | F23: =IFERROR('順位別トーナメント'!W32,"") -> 42 | G23: =IFERROR(VLOOKUP(F23&"-"&1,'リスト'!$B:$D,2,FALSE),"") -> 田中 久夫 | H23: =IFERROR(VLOOKUP(F23&"-"&2,'リスト'!$B:$D,2,FALSE),"") -> 林 京子 | I23: 4 | J23: 6 | L23: FALSE
A24: ='順位別トーナメント'!$B$20 -> 2位トーナメント | B24: 準決勝 | C24: =if(I20="","", IF(J20>I20, F20, C20)) -> 14 | D24: =IFERROR(VLOOKUP(C24&"-"&1,'リスト'!$B:$D,2,FALSE),"") -> 中里 海 | E24: =IFERROR(VLOOKUP(C24&"-"&2,'リスト'!$B:$D,2,FALSE),"") -> 市川 朋子 | F24: =IF(I21="","", IF(J21>I21, F21, C21)) -> 18 | G24: =IFERROR(VLOOKUP(F24&"-"&1,'リスト'!$B:$D,2,FALSE),"") -> 田中 憲一 | H24: =IFERROR(VLOOKUP(F24&"-"&2,'リスト'!$B:$D,2,FALSE),"") -> 山﨑 弥生 | I24: 4 | J24: 6 | L24: FALSE
A25: ='順位別トーナメント'!$B$20 -> 2位トーナメント | B25: 準決勝 | C25: =if(I22="","", IF(J22>I22, F22, C22)) -> 46 | D25: =IFERROR(VLOOKUP(C25&"-"&1,'リスト'!$B:$D,2,FALSE),"") -> 住吉 俊輝 | E25: =IFERROR(VLOOKUP(C25&"-"&2,'リスト'!$B:$D,2,FALSE),"") -> 福浜 美佐緒 | F25: =IF(I23="","", IF(J23>I23, F23, C23)) -> 42 | G25: =IFERROR(VLOOKUP(F25&"-"&1,'リスト'!$B:$D,2,FALSE),"") -> 田中 久夫 | H25: =IFERROR(VLOOKUP(F25&"-"&2,'リスト'!$B:$D,2,FALSE),"") -> 林 京子 | I25: 4 | J25: 6 | L25: FALSE
A26: ='順位別トーナメント'!$B$20 -> 2位トーナメント | B26: 決勝 | C26: =if(I24="","", IF(J24>I24, F24, C24)) -> 18 | D26: =IFERROR(VLOOKUP(C26&"-"&1,'リスト'!$B:$D,2,FALSE),"") -> 田中 憲一 | E26: =IFERROR(VLOOKUP(C26&"-"&2,'リスト'!$B:$D,2,FALSE),"") -> 山﨑 弥生 | F26: =IF(I25="","", IF(J25>I25, F25, C25)) -> 42 | G26: =IFERROR(VLOOKUP(F26&"-"&1,'リスト'!$B:$D,2,FALSE),"") -> 田中 久夫 | H26: =IFERROR(VLOOKUP(F26&"-"&2,'リスト'!$B:$D,2,FALSE),"") -> 林 京子 | I26: 4 | J26: 6 | L26: FALSE
A27: ='順位別トーナメント'!$B$38 -> 3位トーナメント | B27: 1回線 | C27: =IFERROR('順位別トーナメント'!B42,"") -> 52 | D27: =IFERROR(VLOOKUP(C27&"-"&1,'リスト'!$B:$D,2,FALSE),"") -> 井嶋 昭二 | E27: =IFERROR(VLOOKUP(C27&"-"&2,'リスト'!$B:$D,2,FALSE),"") -> 高木 美穂 | F27: =IFERROR('順位別トーナメント'!B44,"") -> 7 | G27: =IFERROR(VLOOKUP(F27&"-"&1,'リスト'!$B:$D,2,FALSE),"") -> 高垣 護 | H27: =IFERROR(VLOOKUP(F27&"-"&2,'リスト'!$B:$D,2,FALSE),"") -> 門脇 春美 | I27: 6 | J27: 1 | L27: FALSE
A28: ='順位別トーナメント'!$B$38 -> 3位トーナメント | B28: 1回線 | C28: =IFERROR('順位別トーナメント'!B46,"") -> 15 | D28: =IFERROR(VLOOKUP(C28&"-"&1,'リスト'!$B:$D,2,FALSE),"") -> 網川 忠之 | E28: =IFERROR(VLOOKUP(C28&"-"&2,'リスト'!$B:$D,2,FALSE),"") -> 網川 佐知子 | F28: =IFERROR('順位別トーナメント'!B48,"") -> 31 | G28: =IFERROR(VLOOKUP(F28&"-"&1,'リスト'!$B:$D,2,FALSE),"") -> 砂原 翔 | H28: =IFERROR(VLOOKUP(F28&"-"&2,'リスト'!$B:$D,2,FALSE),"") -> 藤田 登紀子 | I28: 6 | J28: 1 | L28: FALSE
A29: ='順位別トーナメント'!$B$38 -> 3位トーナメント | B29: 1回線 | C29: =IFERROR('順位別トーナメント'!W40,"") -> 23 | D29: =IFERROR(VLOOKUP(C29&"-"&1,'リスト'!$B:$D,2,FALSE),"") -> 朝倉 章順 | E29: =IFERROR(VLOOKUP(C29&"-"&2,'リスト'!$B:$D,2,FALSE),"") -> 朝倉 加世子 | F29: =IFERROR('順位別トーナメント'!W42,"") -> 19 | G29: =IFERROR(VLOOKUP(F29&"-"&1,'リスト'!$B:$D,2,FALSE),"") -> 椿 誠 | H29: =IFERROR(VLOOKUP(F29&"-"&2,'リスト'!$B:$D,2,FALSE),"") -> 椿 保奈瀬 | I29: 6 | J29: 1 | L29: FALSE
A30: ='順位別トーナメント'!$B$38 -> 3位トーナメント | B30: 1回線 | C30: =IFERROR('順位別トーナメント'!W44,"") -> 3 | D30: =IFERROR(VLOOKUP(C30&"-"&1,'リスト'!$B:$D,2,FALSE),"") -> 西山 禎侑 | E30: =IFERROR(VLOOKUP(C30&"-"&2,'リスト'!$B:$D,2,FALSE),"") -> 小林 さえ子 | F30: =IFERROR('順位別トーナメント'!W46,"") -> 43 | G30: =IFERROR(VLOOKUP(F30&"-"&1,'リスト'!$B:$D,2,FALSE),"") -> 難波 隆顕 | H30: =IFERROR(VLOOKUP(F30&"-"&2,'リスト'!$B:$D,2,FALSE),"") -> 森 順子 | I30: 6 | J30: 1 | L30: FALSE
A31: ='順位別トーナメント'!$B$38 -> 3位トーナメント | B31: 1回線 | C31: =IFERROR('順位別トーナメント'!W48,"") -> 35 | D31: =IFERROR(VLOOKUP(C31&"-"&1,'リスト'!$B:$D,2,FALSE),"") -> 橋本 真也 | E31: =IFERROR(VLOOKUP(C31&"-"&2,'リスト'!$B:$D,2,FALSE),"") -> 馬嶋 由美子 | F31: =IFERROR('順位別トーナメント'!W50,"") -> 27 | G31: =IFERROR(VLOOKUP(F31&"-"&1,'リスト'!$B:$D,2,FALSE),"") -> 田中 達也 | H31: =IFERROR(VLOOKUP(F31&"-"&2,'リスト'!$B:$D,2,FALSE),"") -> 田渕 夕起子 | I31: 6 | J31: 1 | L31: FALSE
A32: ='順位別トーナメント'!$B$38 -> 3位トーナメント | B32: 準々決勝 | C32: =IFERROR('順位別トーナメント'!B40,"") -> 39 | D32: =IFERROR(VLOOKUP(C32&"-"&1,'リスト'!$B:$D,2,FALSE),"") -> 盛本 貴之 | E32: =IFERROR(VLOOKUP(C32&"-"&2,'リスト'!$B:$D,2,FALSE),"") -> 仲曽 真由美 | F32: =IF(I27="","", IF(J27>I27, F27, C27)) -> 52 | G32: =IFERROR(VLOOKUP(F32&"-"&1,'リスト'!$B:$D,2,FALSE),"") -> 井嶋 昭二 | H32: =IFERROR(VLOOKUP(F32&"-"&2,'リスト'!$B:$D,2,FALSE),"") -> 高木 美穂 | I32: 6 | J32: 1 | L32: FALSE
A33: ='順位別トーナメント'!$B$38 -> 3位トーナメント | B33: 準々決勝 | C33: =if(I28="","", IF(J28>I28, F28, C28)) -> 15 | D33: =IFERROR(VLOOKUP(C33&"-"&1,'リスト'!$B:$D,2,FALSE),"") -> 網川 忠之 | E33: =IFERROR(VLOOKUP(C33&"-"&2,'リスト'!$B:$D,2,FALSE),"") -> 網川 佐知子 | F33: =IFERROR('順位別トーナメント'!B50,) -> 12 | G33: =IFERROR(VLOOKUP(F33&"-"&1,'リスト'!$B:$D,2,FALSE),"") -> 山下 悠樹 | H33: =IFERROR(VLOOKUP(F33&"-"&2,'リスト'!$B:$D,2,FALSE),"") -> 田苗 真里 | I33: 6 | J33: 1 | L33: FALSE
A34: ='順位別トーナメント'!$B$38 -> 3位トーナメント | B34: 準々決勝 | C34: =if(I29="","", IF(J29>I29, F29, C29)) -> 23 | D34: =IFERROR(VLOOKUP(C34&"-"&1,'リスト'!$B:$D,2,FALSE),"") -> 朝倉 章順 | E34: =IFERROR(VLOOKUP(C34&"-"&2,'リスト'!$B:$D,2,FALSE),"") -> 朝倉 加世子 | F34: =IF(I30="","", IF(J30>I30, F30, C30)) -> 3 | G34: =IFERROR(VLOOKUP(F34&"-"&1,'リスト'!$B:$D,2,FALSE),"") -> 西山 禎侑 | H34: =IFERROR(VLOOKUP(F34&"-"&2,'リスト'!$B:$D,2,FALSE),"") -> 小林 さえ子 | I34: 6 | J34: 1 | L34: FALSE
A35: ='順位別トーナメント'!$B$38 -> 3位トーナメント | B35: 準々決勝 | C35: =if(I31="","", IF(J31>I31, F31, C31)) -> 35 | D35: =IFERROR(VLOOKUP(C35&"-"&1,'リスト'!$B:$D,2,FALSE),"") -> 橋本 真也 | E35: =IFERROR(VLOOKUP(C35&"-"&2,'リスト'!$B:$D,2,FALSE),"") -> 馬嶋 由美子 | F35: =IFERROR('順位別トーナメント'!W52,"") -> 47 | G35: =IFERROR(VLOOKUP(F35&"-"&1,'リスト'!$B:$D,2,FALSE),"") -> 吉田 浩士 | H35: =IFERROR(VLOOKUP(F35&"-"&2,'リスト'!$B:$D,2,FALSE),"") -> 岡田 友子 | I35: 6 | J35: 1 | L35: FALSE
A36: ='順位別トーナメント'!$B$38 -> 3位トーナメント | B36: 準決勝 | C36: =if(I32="","", IF(J32>I32, F32, C32)) -> 39 | D36: =IFERROR(VLOOKUP(C36&"-"&1,'リスト'!$B:$D,2,FALSE),"") -> 盛本 貴之 | E36: =IFERROR(VLOOKUP(C36&"-"&2,'リスト'!$B:$D,2,FALSE),"") -> 仲曽 真由美 | F36: =IF(I33="","", IF(J33>I33, F33, C33)) -> 15 | G36: =IFERROR(VLOOKUP(F36&"-"&1,'リスト'!$B:$D,2,FALSE),"") -> 網川 忠之 | H36: =IFERROR(VLOOKUP(F36&"-"&2,'リスト'!$B:$D,2,FALSE),"") -> 網川 佐知子 | I36: 6 | J36: 1 | L36: FALSE
A37: ='順位別トーナメント'!$B$38 -> 3位トーナメント | B37: 準決勝 | C37: =if(I34="","", IF(J34>I34, F34, C34)) -> 23 | D37: =IFERROR(VLOOKUP(C37&"-"&1,'リスト'!$B:$D,2,FALSE),"") -> 朝倉 章順 | E37: =IFERROR(VLOOKUP(C37&"-"&2,'リスト'!$B:$D,2,FALSE),"") -> 朝倉 加世子 | F37: =IF(I35="","", IF(J35>I35, F35, C35)) -> 35 | G37: =IFERROR(VLOOKUP(F37&"-"&1,'リスト'!$B:$D,2,FALSE),"") -> 橋本 真也 | H37: =IFERROR(VLOOKUP(F37&"-"&2,'リスト'!$B:$D,2,FALSE),"") -> 馬嶋 由美子 | I37: 6 | J37: 1 | L37: FALSE
A38: ='順位別トーナメント'!$B$38 -> 3位トーナメント | B38: 決勝 | C38: =if(I36="","", IF(J36>I36, F36, C36)) -> 39 | D38: =IFERROR(VLOOKUP(C38&"-"&1,'リスト'!$B:$D,2,FALSE),"") -> 盛本 貴之 | E38: =IFERROR(VLOOKUP(C38&"-"&2,'リスト'!$B:$D,2,FALSE),"") -> 仲曽 真由美 | F38: =IF(I37="","", IF(J37>I37, F37, C37)) -> 23 | G38: =IFERROR(VLOOKUP(F38&"-"&1,'リスト'!$B:$D,2,FALSE),"") -> 朝倉 章順 | H38: =IFERROR(VLOOKUP(F38&"-"&2,'リスト'!$B:$D,2,FALSE),"") -> 朝倉 加世子 | I38: 6 | J38: 1 | L38: FALSE
A39: ='順位別トーナメント'!$B$56 -> 4位・5位トーナメント | B39: 1回線 | C39: =IFERROR('順位別トーナメント'!B60,"") -> 44 | D39: =IFERROR(VLOOKUP(C39&"-"&1,'リスト'!$B:$D,2,FALSE),"") -> 檜垣 直斗 | E39: =IFERROR(VLOOKUP(C39&"-"&2,'リスト'!$B:$D,2,FALSE),"") -> 橋本 舞子 | F39: =IFERROR('順位別トーナメント'!B62,"") -> 24 | G39: =IFERROR(VLOOKUP(F39&"-"&1,'リスト'!$B:$D,2,FALSE),"") -> 山本 和弥 | H39: =IFERROR(VLOOKUP(F39&"-"&2,'リスト'!$B:$D,2,FALSE),"") -> 濱田 久美 | I39: 6 | J39: 1 | L39: FALSE
A40: ='順位別トーナメント'!$B$56 -> 4位・5位トーナメント | B40: 1回線 | C40: =IFERROR('順位別トーナメント'!B64,"") -> 53 | D40: =IFERROR(VLOOKUP(C40&"-"&1,'リスト'!$B:$D,2,FALSE),"") -> 吉田 拳士 | E40: =IFERROR(VLOOKUP(C40&"-"&2,'リスト'!$B:$D,2,FALSE),"") -> 吉田 由乃 | F40: =IFERROR('順位別トーナメント'!B66,"") -> 28 | G40: =IFERROR(VLOOKUP(F40&"-"&1,'リスト'!$B:$D,2,FALSE),"") -> 中村 匡延 | H40: =IFERROR(VLOOKUP(F40&"-"&2,'リスト'!$B:$D,2,FALSE),"") -> 伊吹 優子 | I40: 6 | J40: 1 | L40: FALSE
A41: ='順位別トーナメント'!$B$56 -> 4位・5位トーナメント | B41: 1回線 | C41: =IFERROR('順位別トーナメント'!B68,"") -> 48 | D41: =IFERROR(VLOOKUP(C41&"-"&1,'リスト'!$B:$D,2,FALSE),"") -> 藤田 和幸 | E41: =IFERROR(VLOOKUP(C41&"-"&2,'リスト'!$B:$D,2,FALSE),"") -> 藤田 美和 | F41: =IFERROR('順位別トーナメント'!B70,"") -> 40 | G41: =IFERROR(VLOOKUP(F41&"-"&1,'リスト'!$B:$D,2,FALSE),"") -> 高木 克憲 | H41: =IFERROR(VLOOKUP(F41&"-"&2,'リスト'!$B:$D,2,FALSE),"") -> 田中 好美 | I41: 6 | J41: 1 | L41: FALSE
A42: ='順位別トーナメント'!$B$56 -> 4位・5位トーナメント | B42: 1回線 | C42: =IFERROR('順位別トーナメント'!W58,"") -> 32 | D42: =IFERROR(VLOOKUP(C42&"-"&1,'リスト'!$B:$D,2,FALSE),"") -> 外園 真都 | E42: =IFERROR(VLOOKUP(C42&"-"&2,'リスト'!$B:$D,2,FALSE),"") -> 船越 海希 | F42: =IFERROR('順位別トーナメント'!W60,"") -> 4 | G42: =IFERROR(VLOOKUP(F42&"-"&1,'リスト'!$B:$D,2,FALSE),"") -> 三宅 諒弥 | H42: =IFERROR(VLOOKUP(F42&"-"&2,'リスト'!$B:$D,2,FALSE),"") -> 山本 桂 | I42: 6 | J42: 1 | L42: FALSE
A43: ='順位別トーナメント'!$B$56 -> 4位・5位トーナメント | B43: 1回線 | C43: =IFERROR('順位別トーナメント'!W62,"") -> 20 | D43: =IFERROR(VLOOKUP(C43&"-"&1,'リスト'!$B:$D,2,FALSE),"") -> 町田 正雄 | E43: =IFERROR(VLOOKUP(C43&"-"&2,'リスト'!$B:$D,2,FALSE),"") -> 町田 聖子 | F43: =IFERROR('順位別トーナメント'!W64,"") -> 49 | G43: =IFERROR(VLOOKUP(F43&"-"&1,'リスト'!$B:$D,2,FALSE),"") -> 清水 貴志 | H43: =IFERROR(VLOOKUP(F43&"-"&2,'リスト'!$B:$D,2,FALSE),"") -> 大田 陽子 | I43: 6 | J43: 1 | L43: FALSE
A44: ='順位別トーナメント'!$B$56 -> 4位・5位トーナメント | B44: 1回線 | C44: =IFERROR('順位別トーナメント'!W66,"") -> 54 | D44: =IFERROR(VLOOKUP(C44&"-"&1,'リスト'!$B:$D,2,FALSE),"") -> 遠藤 絢弥 | E44: =IFERROR(VLOOKUP(C44&"-"&2,'リスト'!$B:$D,2,FALSE),"") -> 遠藤 夏希 | F44: =IFERROR('順位別トーナメント'!W68,"") -> 16 | G44: =IFERROR(VLOOKUP(F44&"-"&1,'リスト'!$B:$D,2,FALSE),"") -> 羽馬 由和 | H44: =IFERROR(VLOOKUP(F44&"-"&2,'リスト'!$B:$D,2,FALSE),"") -> 杉原 三奈 | I44: 6 | J44: 1 | L44: FALSE
A45: ='順位別トーナメント'!$B$56 -> 4位・5位トーナメント | B45: 1回線 | C45: =IFERROR('順位別トーナメント'!W70,"") -> 36 | D45: =IFERROR(VLOOKUP(C45&"-"&1,'リスト'!$B:$D,2,FALSE),"") -> 西口 幸雄 | E45: =IFERROR(VLOOKUP(C45&"-"&2,'リスト'!$B:$D,2,FALSE),"") -> 西口 栄子 | F45: =IFERROR('順位別トーナメント'!W72,"") -> 8 | G45: =IFERROR(VLOOKUP(F45&"-"&1,'リスト'!$B:$D,2,FALSE),"") -> 津田 智広 | H45: =IFERROR(VLOOKUP(F45&"-"&2,'リスト'!$B:$D,2,FALSE),"") -> 米谷 さおり | I45: 6 | J45: 1 | L45: FALSE
A46: ='順位別トーナメント'!$B$56 -> 4位・5位トーナメント | B46: 準々決勝 | C46: =IFERROR('順位別トーナメント'!B58,"") | D46: =IFERROR(VLOOKUP(C46&"-"&1,'リスト'!$B:$D,2,FALSE),"") | E46: =IFERROR(VLOOKUP(C46&"-"&2,'リスト'!$B:$D,2,FALSE),"") | F46: =IF(I39="","", IF(J39>I39, F39, C39)) -> 44 | G46: =IFERROR(VLOOKUP(F46&"-"&1,'リスト'!$B:$D,2,FALSE),"") -> 檜垣 直斗 | H46: =IFERROR(VLOOKUP(F46&"-"&2,'リスト'!$B:$D,2,FALSE),"") -> 橋本 舞子 | I46: 6 | J46: 1 | L46: FALSE
A47: ='順位別トーナメント'!$B$56 -> 4位・5位トーナメント | B47: 準々決勝 | C47: =if(I40="","", IF(J40>I40, F40, C40)) -> 53 | D47: =IFERROR(VLOOKUP(C47&"-"&1,'リスト'!$B:$D,2,FALSE),"") -> 吉田 拳士 | E47: =IFERROR(VLOOKUP(C47&"-"&2,'リスト'!$B:$D,2,FALSE),"") -> 吉田 由乃 | F47: =IF(I41="","", IF(J41>I41, F41, C41)) -> 48 | G47: =IFERROR(VLOOKUP(F47&"-"&1,'リスト'!$B:$D,2,FALSE),"") -> 藤田 和幸 | H47: =IFERROR(VLOOKUP(F47&"-"&2,'リスト'!$B:$D,2,FALSE),"") -> 藤田 美和 | I47: 4 | J47: 6 | L47: FALSE
A48: ='順位別トーナメント'!$B$56 -> 4位・5位トーナメント | B48: 準々決勝 | C48: =if(I42="","", IF(J42>I42, F42, C42)) -> 32 | D48: =IFERROR(VLOOKUP(C48&"-"&1,'リスト'!$B:$D,2,FALSE),"") -> 外園 真都 | E48: =IFERROR(VLOOKUP(C48&"-"&2,'リスト'!$B:$D,2,FALSE),"") -> 船越 海希 | F48: =IF(I43="","", IF(J43>I43, F43, C43)) -> 20 | G48: =IFERROR(VLOOKUP(F48&"-"&1,'リスト'!$B:$D,2,FALSE),"") -> 町田 正雄 | H48: =IFERROR(VLOOKUP(F48&"-"&2,'リスト'!$B:$D,2,FALSE),"") -> 町田 聖子 | I48: 7 | J48: 6 | L48: FALSE
A49: ='順位別トーナメント'!$B$56 -> 4位・5位トーナメント | B49: 準々決勝 | C49: =if(I44="","", IF(J44>I44, F44, C44)) -> 54 | D49: =IFERROR(VLOOKUP(C49&"-"&1,'リスト'!$B:$D,2,FALSE),"") -> 遠藤 絢弥 | E49: =IFERROR(VLOOKUP(C49&"-"&2,'リスト'!$B:$D,2,FALSE),"") -> 遠藤 夏希 | F49: =IF(I45="","", IF(J45>I45, F45, C45)) -> 36 | G49: =IFERROR(VLOOKUP(F49&"-"&1,'リスト'!$B:$D,2,FALSE),"") -> 西口 幸雄 | H49: =IFERROR(VLOOKUP(F49&"-"&2,'リスト'!$B:$D,2,FALSE),"") -> 西口 栄子 | I49: 6 | J49: 7 | L49: FALSE
A50: ='順位別トーナメント'!$B$56 -> 4位・5位トーナメント | B50: 準決勝 | C50: =if(I46="","", IF(J46>I46, F46, C46)) | D50: =IFERROR(VLOOKUP(C50&"-"&1,'リスト'!$B:$D,2,FALSE),"") | E50: =IFERROR(VLOOKUP(C50&"-"&2,'リスト'!$B:$D,2,FALSE),"") | F50: =IF(I46="","", IF(J47>I47, F47, C47)) -> 48 | G50: =IFERROR(VLOOKUP(F50&"-"&1,'リスト'!$B:$D,2,FALSE),"") -> 藤田 和幸 | H50: =IFERROR(VLOOKUP(F50&"-"&2,'リスト'!$B:$D,2,FALSE),"") -> 藤田 美和 | I50: 3 | J50: 6 | L50: FALSE
A51: ='順位別トーナメント'!$B$56 -> 4位・5位トーナメント | B51: 準決勝 | C51: =if(I48="","", IF(J48>I48, F48, C48)) -> 32 | D51: =IFERROR(VLOOKUP(C51&"-"&1,'リスト'!$B:$D,2,FALSE),"") -> 外園 真都 | E51: =IFERROR(VLOOKUP(C51&"-"&2,'リスト'!$B:$D,2,FALSE),"") -> 船越 海希 | F51: =IF(J49>I49, F49, C49) -> 36 | G51: =IFERROR(VLOOKUP(F51&"-"&1,'リスト'!$B:$D,2,FALSE),"") -> 西口 幸雄 | H51: =IFERROR(VLOOKUP(F51&"-"&2,'リスト'!$B:$D,2,FALSE),"") -> 西口 栄子 | I51: 6 | J51: 7 | L51: FALSE
A52: ='順位別トーナメント'!$B$56 -> 4位・5位トーナメント | B52: 決勝 | C52: =if(I50="","", IF(J50>I50, F50, C50)) -> 48 | D52: =IFERROR(VLOOKUP(C52&"-"&1,'リスト'!$B:$D,2,FALSE),"") -> 藤田 和幸 | E52: =IFERROR(VLOOKUP(C52&"-"&2,'リスト'!$B:$D,2,FALSE),"") -> 藤田 美和 | F52: =IF(I51="","", IF(J51>I51, F51, C51)) -> 36 | G52: =IFERROR(VLOOKUP(F52&"-"&1,'リスト'!$B:$D,2,FALSE),"") -> 西口 幸雄 | H52: =IFERROR(VLOOKUP(F52&"-"&2,'リスト'!$B:$D,2,FALSE),"") -> 西口 栄子 | I52: 6 | J52: 7 | L52: FALSE

Sheet 順位別トーナメント
B2: 1位トーナメント | N2: =TRIM('予選'!$A$1) -> サンプル
B4: 1 | C4: =IFERROR(VLOOKUP(B4&"-"&1,'リスト'!$B:$D,2,FALSE),"") -> 藤田 智博 | D4: ( | E4: =IFERROR(VLOOKUP(B4&"-"&1,'リスト'!$B:$D,3,FALSE),"") -> Love ALL | F4: ) | G4: ① | V4: ⑧ | W4: 29 | X4: =IFERROR(VLOOKUP(W4&"-"&1,'リスト'!$B:$D,2,FALSE),"") -> 小川 拓 | Y4: ( | Z4: =IFERROR(VLOOKUP(W4&"-"&1,'リスト'!$B:$D,3,FALSE),"") -> プラセール | AA4: )
C5: =IFERROR(VLOOKUP(B4&"-"&2,'リスト'!$B:$D,2,FALSE),"") -> 山根 陽子 | D5: ( | E5: =IFERROR(VLOOKUP(B4&"-"&2,'リスト'!$B:$D,3,FALSE),"") -> フリー | F5: ) | K5: ='対戦順'!I8 -> 4 | R5: ='対戦順'!I10 -> 4 | X5: =IFERROR(VLOOKUP(W4&"-"&2,'リスト'!$B:$D,2,FALSE),"") -> 山内 恵子 | Y5: ( | Z5: =IFERROR(VLOOKUP(W4&"-"&2,'リスト'!$B:$D,3,FALSE),"") -> プラセール | AA5: )
B6: 5 | C6: =IFERROR(VLOOKUP(B6&"-"&1,'リスト'!$B:$D,2,FALSE),"") -> 常村 和仁 | D6: ( | E6: =IFERROR(VLOOKUP(B6&"-"&1,'リスト'!$B:$D,3,FALSE),"") -> 完熟オレンジ | F6: ) | G6: ② | K6: ='対戦順'!J8 -> 6 | R6: ='対戦順'!J10 -> 6 | V6: ⑨ | W6: 33 | X6: =IFERROR(VLOOKUP(W6&"-"&1,'リスト'!$B:$D,2,FALSE),"") -> 山口 辰之 | Y6: ( | Z6: =IFERROR(VLOOKUP(W6&"-"&1,'リスト'!$B:$D,3,FALSE),"") -> サニーＴＳ | AA6: )
C7: =IFERROR(VLOOKUP(B6&"-"&2,'リスト'!$B:$D,2,FALSE),"") -> 前田 良枝 | D7: ( | E7: =IFERROR(VLOOKUP(B6&"-"&2,'リスト'!$B:$D,3,FALSE),"") -> Ｚｏｎｅ | F7: ) | I7: ='対戦順'!I3 -> 6 | T7: ='対戦順'!I6 -> 4 | X7: =IFERROR(VLOOKUP(W6&"-"&2,'リスト'!$B:$D,2,FALSE),"") -> 宮本 真有 | Y7: ( | Z7: =IFERROR(VLOOKUP(W6&"-"&2,'リスト'!$B:$D,3,FALSE),"") -> デネブ | AA7: )
B8: 9 | C8: =IFERROR(VLOOKUP(B8&"-"&1,'リスト'!$B:$D,2,FALSE),"") -> 近藤 哲生 | D8: ( | E8: =IFERROR(VLOOKUP(B8&"-"&1,'リスト'!$B:$D,3,FALSE),"") -> 因幡打輪 | F8: ) | G8: ③ | I8: ='対戦順'!J3 -> 3 | M8: =IFERROR( IF('対戦順'!I14>'対戦順'!J14, LEFT('対戦順'!D14,FIND(" ",'対戦順'!D14)-1)&"・"&LEFT('対戦順'!E14,FIND(" ",'対戦順'!E14)-1), LEFT('対戦順'!G14,FIND(" ",'対戦順'!G14)-1)&"・"&LEFT('対戦順'!H14,FIND(" ",'対戦順'!H14)-1)),"") -> 竹安・楠瀬 | T8: ='対戦順'!J6 -> 6 | V8: ⑩ | W8: 37 | X8: =IFERROR(VLOOKUP(W8&"-"&1,'リスト'!$B:$D,2,FALSE),"") -> 細川 善貴 | Y8: ( | Z8: =IFERROR(VLOOKUP(W8&"-"&1,'リスト'!$B:$D,3,FALSE),"") -> ｄｏＭｅ | AA8: )
C9: =IFERROR(VLOOKUP(B8&"-"&2,'リスト'!$B:$D,2,FALSE),"") -> 前田 陽子 | D9: ( | E9: =IFERROR(VLOOKUP(B8&"-"&2,'リスト'!$B:$D,3,FALSE),"") -> フリー | F9: ) | M9: ='対戦順'!I14&"-"&'対戦順'!J14 -> 4-6 | X9: =IFERROR(VLOOKUP(W8&"-"&2,'リスト'!$B:$D,2,FALSE),"") -> 厨子 沙也香 | Y9: ( | Z9: =IFERROR(VLOOKUP(W8&"-"&2,'リスト'!$B:$D,3,FALSE),"") -> フリー | AA9: )
B10: 13 | C10: =IFERROR(VLOOKUP(B10&"-"&1,'リスト'!$B:$D,2,FALSE),"") -> 小谷 桂介 | D10: ( | E10: =IFERROR(VLOOKUP(B10&"-"&1,'リスト'!$B:$D,3,FALSE),"") -> Ｔ-nuts | F10: ) | G10: ④ | M10: ='対戦順'!I12 -> 4 | P10: ='対戦順'!I13 -> 4 | V10: ⑪ | W10: 41 | X10: =IFERROR(VLOOKUP(W10&"-"&1,'リスト'!$B:$D,2,FALSE),"") -> 丸川 康生 | Y10: ( | Z10: =IFERROR(VLOOKUP(W10&"-"&1,'リスト'!$B:$D,3,FALSE),"") -> 因幡打輪 | AA10: )
C11: =IFERROR(VLOOKUP(B10&"-"&2,'リスト'!$B:$D,2,FALSE),"") -> 小谷 佐知子 | D11: ( | E11: =IFERROR(VLOOKUP(B10&"-"&2,'リスト'!$B:$D,3,FALSE),"") -> Ｔ-nuts | F11: ) | I11: ='対戦順'!I4 -> 3 | M11: ='対戦順'!J12 -> 6 | P11: ='対戦順'!J13 -> 6 | T11: ='対戦順'!I7 -> 4 | X11: =IFERROR(VLOOKUP(W10&"-"&2,'リスト'!$B:$D,2,FALSE),"") -> 山根 崇子 | Y11: ( | Z11: =IFERROR(VLOOKUP(W10&"-"&2,'リスト'!$B:$D,3,FALSE),"") -> フリー | AA11: )
B12: 17 | C12: =IFERROR(VLOOKUP(B12&"-"&1,'リスト'!$B:$D,2,FALSE),"") -> 谷本 卓也 | D12: ( | E12: =IFERROR(VLOOKUP(B12&"-"&1,'リスト'!$B:$D,3,FALSE),"") -> ｄｏＭｅ | F12: ) | G12: ⑤ | I12: ='対戦順'!J4 -> 6 | T12: ='対戦順'!J7 -> 6 | V12: ⑫ | W12: 45 | X12: =IFERROR(VLOOKUP(W12&"-"&1,'リスト'!$B:$D,2,FALSE),"") -> 小椋 浩二 | Y12: ( | Z12: =IFERROR(VLOOKUP(W12&"-"&1,'リスト'!$B:$D,3,FALSE),"") -> てーくおふ | AA12: )
C13: =IFERROR(VLOOKUP(B12&"-"&2,'リスト'!$B:$D,2,FALSE),"") -> 谷口 圭子 | D13: ( | E13: =IFERROR(VLOOKUP(B12&"-"&2,'リスト'!$B:$D,3,FALSE),"") -> レイリー | F13: ) | K13: ='対戦順'!I9 -> 4 | R13: ='対戦順'!I11 -> 4 | X13: =IFERROR(VLOOKUP(W12&"-"&2,'リスト'!$B:$D,2,FALSE),"") -> 前田 美由紀 | Y13: ( | Z13: =IFERROR(VLOOKUP(W12&"-"&2,'リスト'!$B:$D,3,FALSE),"") -> てーくおふ | AA13: )
B14: 21 | C14: =IFERROR(VLOOKUP(B14&"-"&1,'リスト'!$B:$D,2,FALSE),"") -> 杉野 隆志 | D14: ( | E14: =IFERROR(VLOOKUP(B14&"-"&1,'リスト'!$B:$D,3,FALSE),"") -> アスペック | F14: ) | G14: ⑥ | K14: ='対戦順'!J9 -> 6 | R14: ='対戦順'!J11 -> 6 | V14: ⑬ | W14: 50 | X14: =IFERROR(VLOOKUP(W14&"-"&1,'リスト'!$B:$D,2,FALSE),"") -> 竹安 秀平 | Y14: ( | Z14: =IFERROR(VLOOKUP(W14&"-"&1,'リスト'!$B:$D,3,FALSE),"") -> ＲｅＦｌｅｘ | AA14: )
C15: =IFERROR(VLOOKUP(B14&"-"&2,'リスト'!$B:$D,2,FALSE),"") -> 中村 公恵 | D15: ( | E15: =IFERROR(VLOOKUP(B14&"-"&2,'リスト'!$B:$D,3,FALSE),"") -> 田園 | F15: ) | I15: ='対戦順'!I5 -> 3 | X15: =IFERROR(VLOOKUP(W14&"-"&2,'リスト'!$B:$D,2,FALSE),"") -> 楠瀬 翔子 | Y15: ( | Z15: =IFERROR(VLOOKUP(W14&"-"&2,'リスト'!$B:$D,3,FALSE),"") -> アポロＴＣ | AA15: )
B16: 25 | C16: =IFERROR(VLOOKUP(B16&"-"&1,'リスト'!$B:$D,2,FALSE),"") -> 米村 琢巳 | D16: ( | E16: =IFERROR(VLOOKUP(B16&"-"&1,'リスト'!$B:$D,3,FALSE),"") -> フリー | F16: ) | G16: ⑦ | I16: ='対戦順'!J5 -> 6
C17: =IFERROR(VLOOKUP(B16&"-"&2,'リスト'!$B:$D,2,FALSE),"") -> 佐藤 陽子 | D17: ( | E17: =IFERROR(VLOOKUP(B16&"-"&2,'リスト'!$B:$D,3,FALSE),"") -> ウィード | F17: )
B20: 2位トーナメント | N20: =TRIM('予選'!$A$1) -> サンプル
B22: =IFERROR(VLOOKUP(G22,'リスト'!$E$2:$F$109,2,FALSE),"") -> 38 | C22: =IFERROR(VLOOKUP(B22&"-"&1,'リスト'!$B:$D,2,FALSE),"") -> 柳武 剛 | D22: ( | E22: =IFERROR(VLOOKUP(B22&"-"&1,'リスト'!$B:$D,3,FALSE),"") -> Vivace | F22: ) | G22: J2 | V22: H2 | W22: =IFERROR(VLOOKUP(V22,'リスト'!$E$2:$F$109,2,FALSE),"") -> 30 | X22: =IFERROR(VLOOKUP(W22&"-"&1,'リスト'!$B:$D,2,FALSE),"") -> 坪上 雄太 | Y22: ( | Z22: =IFERROR(VLOOKUP(W22&"-"&1,'リスト'!$B:$D,3,FALSE),"") -> メテオスマッシュ | AA22: )
C23: =IFERROR(VLOOKUP(B22&"-"&2,'リスト'!$B:$D,2,FALSE),"") -> 鳥飼 明子 | D23: ( | E23: =IFERROR(VLOOKUP(B22&"-"&2,'リスト'!$B:$D,3,FALSE),"") -> フリー | F23: ) | K23: ='対戦順'!I20 -> 4 | R23: ='対戦順'!I22 -> 4 | X23: =IFERROR(VLOOKUP(W22&"-"&2,'リスト'!$B:$D,2,FALSE),"") -> 高垣 雅美 | Y23: ( | Z23: =IFERROR(VLOOKUP(W22&"-"&2,'リスト'!$B:$D,3,FALSE),"") -> レイリー | AA23: )
B24: =IFERROR(VLOOKUP(G24,'リスト'!$E$2:$F$109,2,FALSE),"") -> 22 | C24: =IFERROR(VLOOKUP(B24&"-"&1,'リスト'!$B:$D,2,FALSE),"") -> 小谷 神一郎 | D24: ( | E24: =IFERROR(VLOOKUP(B24&"-"&1,'リスト'!$B:$D,3,FALSE),"") -> フリー | F24: ) | G24: F2 | K24: ='対戦順'!J20 -> 6 | R24: ='対戦順'!J22 -> 6 | V24: A2 | W24: =IFERROR(VLOOKUP(V24,'リスト'!$E$2:$F$109,2,FALSE),"") -> 2 | X24: =IFERROR(VLOOKUP(W24&"-"&1,'リスト'!$B:$D,2,FALSE),"") -> 岸本 健悟 | Y24: ( | Z24: =IFERROR(VLOOKUP(W24&"-"&1,'リスト'!$B:$D,3,FALSE),"") -> オレンジ | AA24: )
C25: =IFERROR(VLOOKUP(B24&"-"&2,'リスト'!$B:$D,2,FALSE),"") -> 青木 楓 | D25: ( | E25: =IFERROR(VLOOKUP(B24&"-"&2,'リスト'!$B:$D,3,FALSE),"") -> フリー | F25: ) | I25: ='対戦順'!I15 -> 4 | T25: ='対戦順'!I18 -> 4 | X25: =IFERROR(VLOOKUP(W24&"-"&2,'リスト'!$B:$D,2,FALSE),"") -> 三浦 舞子 | Y25: ( | Z25: =IFERROR(VLOOKUP(W24&"-"&2,'リスト'!$B:$D,3,FALSE),"") -> サニーＴＳ | AA25: )
B26: =IFERROR(VLOOKUP(G26,'リスト'!$E$2:$F$109,2,FALSE),"") -> 14 | C26: =IFERROR(VLOOKUP(B26&"-"&1,'リスト'!$B:$D,2,FALSE),"") -> 中里 海 | D26: ( | E26: =IFERROR(VLOOKUP(B26&"-"&1,'リスト'!$B:$D,3,FALSE),"") -> 湖山池ＴＣ | F26: ) | G26: D2 | I26: ='対戦順'!J15 -> 6 | M26: =IFERROR( IF('対戦順'!I26>'対戦順'!J26, LEFT('対戦順'!D26,FIND(" ",'対戦順'!D26)-1)&"・"&LEFT('対戦順'!E26,FIND(" ",'対戦順'!E26)-1), LEFT('対戦順'!G26,FIND(" ",'対戦順'!G26)-1)&"・"&LEFT('対戦順'!H26,FIND(" ",'対戦順'!H26)-1)),"") -> 田中・林 | T26: ='対戦順'!J18 -> 6 | V26: L2 | W26: =IFERROR(VLOOKUP(V26,'リスト'!$E$2:$F$109,2,FALSE),"") -> 46 | X26: =IFERROR(VLOOKUP(W26&"-"&1,'リスト'!$B:$D,2,FALSE),"") -> 住吉 俊輝 | Y26: ( | Z26: =IFERROR(VLOOKUP(W26&"-"&1,'リスト'!$B:$D,3,FALSE),"") -> プラセール | AA26: )
C27: =IFERROR(VLOOKUP(B26&"-"&2,'リスト'!$B:$D,2,FALSE),"") -> 市川 朋子 | D27: ( | E27: =IFERROR(VLOOKUP(B26&"-"&2,'リスト'!$B:$D,3,FALSE),"") -> あみたま | F27: ) | M27: ='対戦順'!I26&"-"&'対戦順'!J26 -> 4-6 | X27: =IFERROR(VLOOKUP(W26&"-"&2,'リスト'!$B:$D,2,FALSE),"") -> 福浜 美佐緒 | Y27: ( | Z27: =IFERROR(VLOOKUP(W26&"-"&2,'リスト'!$B:$D,3,FALSE),"") -> プラセール | AA27: )
B28: =IFERROR(VLOOKUP(G28,'リスト'!$E$2:$F$109,2,FALSE),"") -> 34 | C28: =IFERROR(VLOOKUP(B28&"-"&1,'リスト'!$B:$D,2,FALSE),"") -> 高木 道大 | D28: ( | E28: =IFERROR(VLOOKUP(B28&"-"&1,'リスト'!$B:$D,3,FALSE),"") -> 因幡打輪 | F28: ) | G28: I 2 | M28: ='対戦順'!I24 -> 4 | P28: ='対戦順'!I25 -> 4 | V28: B2 | W28: =IFERROR(VLOOKUP(V28,'リスト'!$E$2:$F$109,2,FALSE),"") -> 6 | X28: =IFERROR(VLOOKUP(W28&"-"&1,'リスト'!$B:$D,2,FALSE),"") -> 山辺 裕司 | Y28: ( | Z28: =IFERROR(VLOOKUP(W28&"-"&1,'リスト'!$B:$D,3,FALSE),"") -> ｄｏＭｅ | AA28: )
C29: =IFERROR(VLOOKUP(B28&"-"&2,'リスト'!$B:$D,2,FALSE),"") -> 北脇 禎恵 | D29: ( | E29: =IFERROR(VLOOKUP(B28&"-"&2,'リスト'!$B:$D,3,FALSE),"") -> フリー | F29: ) | I29: ='対戦順'!I16 -> 4 | M29: ='対戦順'!J24 -> 6 | P29: ='対戦順'!J25 -> 6 | T29: ='対戦順'!I19 -> 4 | X29: =IFERROR(VLOOKUP(W28&"-"&2,'リスト'!$B:$D,2,FALSE),"") -> 蓼本 裕美 | Y29: ( | Z29: =IFERROR(VLOOKUP(W28&"-"&2,'リスト'!$B:$D,3,FALSE),"") -> ｄｏＭｅ | AA29: )
B30: =IFERROR(VLOOKUP(G30,'リスト'!$E$2:$F$109,2,FALSE),"") -> 11 | C30: =IFERROR(VLOOKUP(B30&"-"&1,'リスト'!$B:$D,2,FALSE),"") -> 和気 久 | D30: ( | E30: =IFERROR(VLOOKUP(B30&"-"&1,'リスト'!$B:$D,3,FALSE),"") -> ＢＳＣ | F30: ) | G30: C2 | I30: ='対戦順'!J16 -> 6 | T30: ='対戦順'!J19 -> 6 | V30: M2 | W30: =IFERROR(VLOOKUP(V30,'リスト'!$E$2:$F$109,2,FALSE),"") -> 51 | X30: =IFERROR(VLOOKUP(W30&"-"&1,'リスト'!$B:$D,2,FALSE),"") -> 橋本 義斉 | Y30: ( | Z30: =IFERROR(VLOOKUP(W30&"-"&1,'リスト'!$B:$D,3,FALSE),"") -> Drop☆Shot | AA30: )
C31: =IFERROR(VLOOKUP(B30&"-"&2,'リスト'!$B:$D,2,FALSE),"") -> 長川 朱美 | D31: ( | E31: =IFERROR(VLOOKUP(B30&"-"&2,'リスト'!$B:$D,3,FALSE),"") -> ロランギャロス | F31: ) | K31: ='対戦順'!I21 -> 4 | R31: ='対戦順'!I23 -> 4 | X31: =IFERROR(VLOOKUP(W30&"-"&2,'リスト'!$B:$D,2,FALSE),"") -> 今城 由美 | Y31: ( | Z31: =IFERROR(VLOOKUP(W30&"-"&2,'リスト'!$B:$D,3,FALSE),"") -> レイリー | AA31: )
B32: =IFERROR(VLOOKUP(G32,'リスト'!$E$2:$F$109,2,FALSE),"") -> 26 | C32: =IFERROR(VLOOKUP(B32&"-"&1,'リスト'!$B:$D,2,FALSE),"") -> 松原 成哉 | D32: ( | E32: =IFERROR(VLOOKUP(B32&"-"&1,'リスト'!$B:$D,3,FALSE),"") -> ｄｏＭｅ | F32: ) | G32: G2 | K32: ='対戦順'!J21 -> 6 | R32: ='対戦順'!J23 -> 6 | V32: K2 | W32: =IFERROR(VLOOKUP(V32,'リスト'!$E$2:$F$109,2,FALSE),"") -> 42 | X32: =IFERROR(VLOOKUP(W32&"-"&1,'リスト'!$B:$D,2,FALSE),"") -> 田中 久夫 | Y32: ( | Z32: =IFERROR(VLOOKUP(W32&"-"&1,'リスト'!$B:$D,3,FALSE),"") -> カプリス | AA32: )
C33: =IFERROR(VLOOKUP(B32&"-"&2,'リスト'!$B:$D,2,FALSE),"") -> 宮島 依吹 | D33: ( | E33: =IFERROR(VLOOKUP(B32&"-"&2,'リスト'!$B:$D,3,FALSE),"") -> ｄｏＭｅ | F33: ) | I33: ='対戦順'!I17 -> 4 | X33: =IFERROR(VLOOKUP(W32&"-"&2,'リスト'!$B:$D,2,FALSE),"") -> 林 京子 | Y33: ( | Z33: =IFERROR(VLOOKUP(W32&"-"&2,'リスト'!$B:$D,3,FALSE),"") -> フリー | AA33: )
B34: =IFERROR(VLOOKUP(G34,'リスト'!$E$2:$F$109,2,FALSE),"") -> 18 | C34: =IFERROR(VLOOKUP(B34&"-"&1,'リスト'!$B:$D,2,FALSE),"") -> 田中 憲一 | D34: ( | E34: =IFERROR(VLOOKUP(B34&"-"&1,'リスト'!$B:$D,3,FALSE),"") -> ポップテニスプラス | F34: ) | G34: E2 | I34: ='対戦順'!J17 -> 6 | W34: =IFERROR(VLOOKUP("13-2-1",'順位別Tリスト'!$A$4:$I$169,5,FALSE),"")
C35: =IFERROR(VLOOKUP(B34&"-"&2,'リスト'!$B:$D,2,FALSE),"") -> 山﨑 弥生 | D35: ( | E35: =IFERROR(VLOOKUP(B34&"-"&2,'リスト'!$B:$D,3,FALSE),"") -> 鳥取銀行 | F35: )
B38: 3位トーナメント | N38: =TRIM('予選'!$A$1) -> サンプル
B40: =IFERROR(VLOOKUP(G40,'リスト'!$E$2:$F$109,2,FALSE),"") -> 39 | C40: =IFERROR(VLOOKUP(B40&"-"&1,'リスト'!$B:$D,2,FALSE),"") -> 盛本 貴之 | D40: ( | E40: =IFERROR(VLOOKUP(B40&"-"&1,'リスト'!$B:$D,3,FALSE),"") -> カプリス | F40: ) | G40: J3 | V40: F3 | W40: =IFERROR(VLOOKUP(V40,'リスト'!$E$2:$F$109,2,FALSE),"") -> 23 | X40: =IFERROR(VLOOKUP(W40&"-"&1,'リスト'!$B:$D,2,FALSE),"") -> 朝倉 章順 | Y40: ( | Z40: =IFERROR(VLOOKUP(W40&"-"&1,'リスト'!$B:$D,3,FALSE),"") -> ロランギャロス | AA40: )
C41: =IFERROR(VLOOKUP(B40&"-"&2,'リスト'!$B:$D,2,FALSE),"") -> 仲曽 真由美 | D41: ( | E41: =IFERROR(VLOOKUP(B40&"-"&2,'リスト'!$B:$D,3,FALSE),"") -> BSC | F41: ) | K41: ='対戦順'!I32 -> 6 | T41: ='対戦順'!I29 -> 6 | X41: =IFERROR(VLOOKUP(W40&"-"&2,'リスト'!$B:$D,2,FALSE),"") -> 朝倉 加世子 | Y41: ( | Z41: =IFERROR(VLOOKUP(W40&"-"&2,'リスト'!$B:$D,3,FALSE),"") -> ロランギャロス | AA41: )
B42: =IFERROR(VLOOKUP(G42,'リスト'!$E$2:$F$109,2,FALSE),"") -> 52 | C42: =IFERROR(VLOOKUP(B42&"-"&1,'リスト'!$B:$D,2,FALSE),"") -> 井嶋 昭二 | D42: ( | E42: =IFERROR(VLOOKUP(B42&"-"&1,'リスト'!$B:$D,3,FALSE),"") -> RedHotChiliPeppers | F42: ) | G42: M3 | K42: ='対戦順'!J32 -> 1 | T42: ='対戦順'!J29 -> 1 | V42: E3 | W42: =IFERROR(VLOOKUP(V42,'リスト'!$E$2:$F$109,2,FALSE),"") -> 19 | X42: =IFERROR(VLOOKUP(W42&"-"&1,'リスト'!$B:$D,2,FALSE),"") -> 椿 誠 | Y42: ( | Z42: =IFERROR(VLOOKUP(W42&"-"&1,'リスト'!$B:$D,3,FALSE),"") -> フリー | AA42: )
C43: =IFERROR(VLOOKUP(B42&"-"&2,'リスト'!$B:$D,2,FALSE),"") -> 高木 美穂 | D43: ( | E43: =IFERROR(VLOOKUP(B42&"-"&2,'リスト'!$B:$D,3,FALSE),"") -> ラフ | F43: ) | I43: ='対戦順'!I27 -> 6 | R43: ='対戦順'!I34 -> 6 | X43: =IFERROR(VLOOKUP(W42&"-"&2,'リスト'!$B:$D,2,FALSE),"") -> 椿 保奈瀬 | Y43: ( | Z43: =IFERROR(VLOOKUP(W42&"-"&2,'リスト'!$B:$D,3,FALSE),"") -> フリー | AA43: )
B44: =IFERROR(VLOOKUP(G44,'リスト'!$E$2:$F$109,2,FALSE),"") -> 7 | C44: =IFERROR(VLOOKUP(B44&"-"&1,'リスト'!$B:$D,2,FALSE),"") -> 高垣 護 | D44: ( | E44: =IFERROR(VLOOKUP(B44&"-"&1,'リスト'!$B:$D,3,FALSE),"") -> Drop☆Shot | F44: ) | G44: B3 | I44: ='対戦順'!J27 -> 1 | M44: =IFERROR( IF('対戦順'!I38>'対戦順'!J38, LEFT('対戦順'!D38,FIND(" ",'対戦順'!D38)-1)&"・"&LEFT('対戦順'!E38,FIND(" ",'対戦順'!E38)-1), LEFT('対戦順'!G38,FIND(" ",'対戦順'!G38)-1)&"・"&LEFT('対戦順'!H38,FIND(" ",'対戦順'!H38)-1)),"") -> 盛本・仲曽 | R44: ='対戦順'!J34 -> 1 | V44: A3 | W44: =IFERROR(VLOOKUP(V44,'リスト'!$E$2:$F$109,2,FALSE),"") -> 3 | X44: =IFERROR(VLOOKUP(W44&"-"&1,'リスト'!$B:$D,2,FALSE),"") -> 西山 禎侑 | Y44: ( | Z44: =IFERROR(VLOOKUP(W44&"-"&1,'リスト'!$B:$D,3,FALSE),"") -> ｄｏＭｅ | AA44: )
C45: =IFERROR(VLOOKUP(B44&"-"&2,'リスト'!$B:$D,2,FALSE),"") -> 門脇 春美 | D45: ( | E45: =IFERROR(VLOOKUP(B44&"-"&2,'リスト'!$B:$D,3,FALSE),"") -> あみたま | F45: ) | M45: ='対戦順'!I38&"-"&'対戦順'!J38 -> 6-1 | T45: ='対戦順'!I30 -> 6 | X45: =IFERROR(VLOOKUP(W44&"-"&2,'リスト'!$B:$D,2,FALSE),"") -> 小林 さえ子 | Y45: ( | Z45: =IFERROR(VLOOKUP(W44&"-"&2,'リスト'!$B:$D,3,FALSE),"") -> カプリス | AA45: )
B46: =IFERROR(VLOOKUP(G46,'リスト'!$E$2:$F$109,2,FALSE),"") -> 15 | C46: =IFERROR(VLOOKUP(B46&"-"&1,'リスト'!$B:$D,2,FALSE),"") -> 網川 忠之 | D46: ( | E46: =IFERROR(VLOOKUP(B46&"-"&1,'リスト'!$B:$D,3,FALSE),"") -> フリー | F46: ) | G46: D3 | M46: ='対戦順'!I36 -> 6 | P46: ='対戦順'!I37 -> 6 | T46: ='対戦順'!J30 -> 1 | V46: K3 | W46: =IFERROR(VLOOKUP(V46,'リスト'!$E$2:$F$109,2,FALSE),"") -> 43 | X46: =IFERROR(VLOOKUP(W46&"-"&1,'リスト'!$B:$D,2,FALSE),"") -> 難波 隆顕 | Y46: ( | Z46: =IFERROR(VLOOKUP(W46&"-"&1,'リスト'!$B:$D,3,FALSE),"") -> プラセール | AA46: )
C47: =IFERROR(VLOOKUP(B46&"-"&2,'リスト'!$B:$D,2,FALSE),"") -> 網川 佐知子 | D47: ( | E47: =IFERROR(VLOOKUP(B46&"-"&2,'リスト'!$B:$D,3,FALSE),"") -> フリー | F47: ) | I47: ='対戦順'!I28 -> 6 | M47: ='対戦順'!J36 -> 1 | P47: ='対戦順'!J37 -> 1 | X47: =IFERROR(VLOOKUP(W46&"-"&2,'リスト'!$B:$D,2,FALSE),"") -> 森 順子 | Y47: ( | Z47: =IFERROR(VLOOKUP(W46&"-"&2,'リスト'!$B:$D,3,FALSE),"") -> フリー | AA47: )
B48: =IFERROR(VLOOKUP(G48,'リスト'!$E$2:$F$109,2,FALSE),"") -> 31 | C48: =IFERROR(VLOOKUP(B48&"-"&1,'リスト'!$B:$D,2,FALSE),"") -> 砂原 翔 | D48: ( | E48: =IFERROR(VLOOKUP(B48&"-"&1,'リスト'!$B:$D,3,FALSE),"") -> ｏｆｆ | F48: ) | G48: H3 | I48: ='対戦順'!J28 -> 1 | V48: I 3 | W48: =IFERROR(VLOOKUP(V48,'リスト'!$E$2:$F$109,2,FALSE),"") -> 35 | X48: =IFERROR(VLOOKUP(W48&"-"&1,'リスト'!$B:$D,2,FALSE),"") -> 橋本 真也 | Y48: ( | Z48: =IFERROR(VLOOKUP(W48&"-"&1,'リスト'!$B:$D,3,FALSE),"") -> Drop☆Shot | AA48: )
C49: =IFERROR(VLOOKUP(B48&"-"&2,'リスト'!$B:$D,2,FALSE),"") -> 藤田 登紀子 | D49: ( | E49: =IFERROR(VLOOKUP(B48&"-"&2,'リスト'!$B:$D,3,FALSE),"") -> フリー | F49: ) | K49: ='対戦順'!I33 -> 6 | T49: ='対戦順'!I31 -> 6 | X49: =IFERROR(VLOOKUP(W48&"-"&2,'リスト'!$B:$D,2,FALSE),"") -> 馬嶋 由美子 | Y49: ( | Z49: =IFERROR(VLOOKUP(W48&"-"&2,'リスト'!$B:$D,3,FALSE),"") -> フリー | AA49: )
B50: =IFERROR(VLOOKUP(G50,'リスト'!$E$2:$F$109,2,FALSE),"") -> 12 | C50: =IFERROR(VLOOKUP(B50&"-"&1,'リスト'!$B:$D,2,FALSE),"") -> 山下 悠樹 | D50: ( | E50: =IFERROR(VLOOKUP(B50&"-"&1,'リスト'!$B:$D,3,FALSE),"") -> ｏｆｆ | F50: ) | G50: C3 | K50: ='対戦順'!J33 -> 1 | R50: ='対戦順'!I35 -> 6 | T50: ='対戦順'!J31 -> 1 | V50: G3 | W50: =IFERROR(VLOOKUP(V50,'リスト'!$E$2:$F$109,2,FALSE),"") -> 27 | X50: =IFERROR(VLOOKUP(W50&"-"&1,'リスト'!$B:$D,2,FALSE),"") -> 田中 達也 | Y50: ( | Z50: =IFERROR(VLOOKUP(W50&"-"&1,'リスト'!$B:$D,3,FALSE),"") -> たんぽぽ | AA50: )
C51: =IFERROR(VLOOKUP(B50&"-"&2,'リスト'!$B:$D,2,FALSE),"") -> 田苗 真里 | D51: ( | E51: =IFERROR(VLOOKUP(B50&"-"&2,'リスト'!$B:$D,3,FALSE),"") -> フリー | F51: ) | R51: ='対戦順'!J35 -> 1 | X51: =IFERROR(VLOOKUP(W50&"-"&2,'リスト'!$B:$D,2,FALSE),"") -> 田渕 夕起子 | Y51: ( | Z51: =IFERROR(VLOOKUP(W50&"-"&2,'リスト'!$B:$D,3,FALSE),"") -> ポップテニスプラス | AA51: )
V52: L3 | W52: =IFERROR(VLOOKUP(V52,'リスト'!$E$2:$F$109,2,FALSE),"") -> 47 | X52: =IFERROR(VLOOKUP(W52&"-"&1,'リスト'!$B:$D,2,FALSE),"") -> 吉田 浩士 | Y52: ( | Z52: =IFERROR(VLOOKUP(W52&"-"&1,'リスト'!$B:$D,3,FALSE),"") -> ノーレット７ | AA52: )
X53: =IFERROR(VLOOKUP(W52&"-"&2,'リスト'!$B:$D,2,FALSE),"") -> 岡田 友子 | Y53: ( | Z53: =IFERROR(VLOOKUP(W52&"-"&2,'リスト'!$B:$D,3,FALSE),"") -> ノーレット７ | AA53: )
B56: 4位・5位トーナメント | N56: =TRIM('予選'!$A$1) -> サンプル
B58: =IFERROR(VLOOKUP(G58,'リスト'!$E$2:$F$109,2,FALSE),"") | C58: =IFERROR(VLOOKUP(B58&"-"&1,'リスト'!$B:$D,2,FALSE),"") | D58: ( | E58: =IFERROR(VLOOKUP(B58&"-"&1,'リスト'!$B:$D,3,FALSE),"") | F58: ) | G58: C4 | V58: H4 | W58: =IFERROR(VLOOKUP(V58,'リスト'!$E$2:$F$109,2,FALSE),"") -> 32 | X58: =IFERROR(VLOOKUP(W58&"-"&1,'リスト'!$B:$D,2,FALSE),"") -> 外園 真都 | Y58: ( | Z58: =IFERROR(VLOOKUP(W58&"-"&1,'リスト'!$B:$D,3,FALSE),"") -> 鳥取環境大 | AA58: )
C59: =IFERROR(VLOOKUP(B58&"-"&2,'リスト'!$B:$D,2,FALSE),"") | D59: ( | E59: =IFERROR(VLOOKUP(B58&"-"&2,'リスト'!$B:$D,3,FALSE),"") | F59: ) | K59: ='対戦順'!I46 -> 6 | T59: ='対戦順'!I42 -> 6 | X59: =IFERROR(VLOOKUP(W58&"-"&2,'リスト'!$B:$D,2,FALSE),"") -> 船越 海希 | Y59: ( | Z59: =IFERROR(VLOOKUP(W58&"-"&2,'リスト'!$B:$D,3,FALSE),"") -> 鳥取環境大 | AA59: )
B60: =IFERROR(VLOOKUP(G60,'リスト'!$E$2:$F$109,2,FALSE),"") -> 44 | C60: =IFERROR(VLOOKUP(B60&"-"&1,'リスト'!$B:$D,2,FALSE),"") -> 檜垣 直斗 | D60: ( | E60: =IFERROR(VLOOKUP(B60&"-"&1,'リスト'!$B:$D,3,FALSE),"") -> フリー | F60: ) | G60: K4 | K60: ='対戦順'!J46 -> 1 | T60: ='対戦順'!J42 -> 1 | V60: A4 | W60: =IFERROR(VLOOKUP(V60,'リスト'!$E$2:$F$109,2,FALSE),"") -> 4 | X60: =IFERROR(VLOOKUP(W60&"-"&1,'リスト'!$B:$D,2,FALSE),"") -> 三宅 諒弥 | Y60: ( | Z60: =IFERROR(VLOOKUP(W60&"-"&1,'リスト'!$B:$D,3,FALSE),"") -> 鳥取銀行 | AA60: )
C61: =IFERROR(VLOOKUP(B60&"-"&2,'リスト'!$B:$D,2,FALSE),"") -> 橋本 舞子 | D61: ( | E61: =IFERROR(VLOOKUP(B60&"-"&2,'リスト'!$B:$D,3,FALSE),"") -> スポーツショップハート | F61: ) | R61: ='対戦順'!I48 -> 7 | X61: =IFERROR(VLOOKUP(W60&"-"&2,'リスト'!$B:$D,2,FALSE),"") -> 山本 桂 | Y61: ( | Z61: =IFERROR(VLOOKUP(W60&"-"&2,'リスト'!$B:$D,3,FALSE),"") -> たんぽぽ | AA61: )
B62: =IFERROR(VLOOKUP(G62,'リスト'!$E$2:$F$109,2,FALSE),"") -> 24 | C62: =IFERROR(VLOOKUP(B62&"-"&1,'リスト'!$B:$D,2,FALSE),"") -> 山本 和弥 | D62: ( | E62: =IFERROR(VLOOKUP(B62&"-"&1,'リスト'!$B:$D,3,FALSE),"") -> オレンジ | F62: ) | G62: F4 | I62: ='対戦順'!J39 -> 1 | M62: =IFERROR(IF('対戦順'!I52>'対戦順'!J52, LEFT('対戦順'!D52,FIND(" ",'対戦順'!D52)-1)&"・"&LEFT('対戦順'!E52,FIND(" ",'対戦順'!E52)-1), LEFT('対戦順'!G52,FIND(" ",'対戦順'!G52)-1)&"・"&LEFT('対戦順'!H52,FIND(" ",'対戦順'!H52)-1)),"") -> 西口・西口 | R62: ='対戦順'!J48 -> 6 | V62: E4 | W62: =IFERROR(VLOOKUP(V62,'リスト'!$E$2:$F$109,2,FALSE),"") -> 20 | X62: =IFERROR(VLOOKUP(W62&"-"&1,'リスト'!$B:$D,2,FALSE),"") -> 町田 正雄 | Y62: ( | Z62: =IFERROR(VLOOKUP(W62&"-"&1,'リスト'!$B:$D,3,FALSE),"") -> 因幡打輪 | AA62: )
C63: =IFERROR(VLOOKUP(B62&"-"&2,'リスト'!$B:$D,2,FALSE),"") -> 濱田 久美 | D63: ( | E63: =IFERROR(VLOOKUP(B62&"-"&2,'リスト'!$B:$D,3,FALSE),"") -> フリー | F63: ) | M63: ='対戦順'!I52&"-"&'対戦順'!J52 -> 6-7 | T63: ='対戦順'!I43 -> 6 | X63: =IFERROR(VLOOKUP(W62&"-"&2,'リスト'!$B:$D,2,FALSE),"") -> 町田 聖子 | Y63: ( | Z63: =IFERROR(VLOOKUP(W62&"-"&2,'リスト'!$B:$D,3,FALSE),"") -> 因幡打輪 | AA63: )
B64: =IFERROR(VLOOKUP(G64,'リスト'!$E$2:$F$109,2,FALSE),"") -> 53 | C64: =IFERROR(VLOOKUP(B64&"-"&1,'リスト'!$B:$D,2,FALSE),"") -> 吉田 拳士 | D64: ( | E64: =IFERROR(VLOOKUP(B64&"-"&1,'リスト'!$B:$D,3,FALSE),"") -> サニーテニス | F64: ) | G64: M5 | M64: ='対戦順'!I50 -> 3 | P64: ='対戦順'!I51 -> 6 | T64: ='対戦順'!J43 -> 1 | V64: L5 | W64: =IFERROR(VLOOKUP(V64,'リスト'!$E$2:$F$109,2,FALSE),"") -> 49 | X64: =IFERROR(VLOOKUP(W64&"-"&1,'リスト'!$B:$D,2,FALSE),"") -> 清水 貴志 | Y64: ( | Z64: =IFERROR(VLOOKUP(W64&"-"&1,'リスト'!$B:$D,3,FALSE),"") -> フリー | AA64: )
C65: =IFERROR(VLOOKUP(B64&"-"&2,'リスト'!$B:$D,2,FALSE),"") -> 吉田 由乃 | D65: ( | E65: =IFERROR(VLOOKUP(B64&"-"&2,'リスト'!$B:$D,3,FALSE),"") -> サニーテニス | F65: ) | I65: ='対戦順'!I40 -> 6 | M65: ='対戦順'!J50 -> 6 | P65: ='対戦順'!J51 -> 7 | X65: =IFERROR(VLOOKUP(W64&"-"&2,'リスト'!$B:$D,2,FALSE),"") -> 大田 陽子 | Y65: ( | Z65: =IFERROR(VLOOKUP(W64&"-"&2,'リスト'!$B:$D,3,FALSE),"") -> たんぽぽ | AA65: )
B66: =IFERROR(VLOOKUP(G66,'リスト'!$E$2:$F$109,2,FALSE),"") -> 28 | C66: =IFERROR(VLOOKUP(B66&"-"&1,'リスト'!$B:$D,2,FALSE),"") -> 中村 匡延 | D66: ( | E66: =IFERROR(VLOOKUP(B66&"-"&1,'リスト'!$B:$D,3,FALSE),"") -> プラセール | F66: ) | G66: G4 | I66: ='対戦順'!J40 -> 1 | V66: M4 | W66: =IFERROR(VLOOKUP(V66,'リスト'!$E$2:$F$109,2,FALSE),"") -> 54 | X66: =IFERROR(VLOOKUP(W66&"-"&1,'リスト'!$B:$D,2,FALSE),"") -> 遠藤 絢弥 | Y66: ( | Z66: =IFERROR(VLOOKUP(W66&"-"&1,'リスト'!$B:$D,3,FALSE),"") -> フリー | AA66: )
C67: =IFERROR(VLOOKUP(B66&"-"&2,'リスト'!$B:$D,2,FALSE),"") -> 伊吹 優子 | D67: ( | E67: =IFERROR(VLOOKUP(B66&"-"&2,'リスト'!$B:$D,3,FALSE),"") -> ノーレット７ | F67: ) | K67: ='対戦順'!I47 -> 4 | T67: ='対戦順'!I44 -> 6 | X67: =IFERROR(VLOOKUP(W66&"-"&2,'リスト'!$B:$D,2,FALSE),"") -> 遠藤 夏希 | Y67: ( | Z67: =IFERROR(VLOOKUP(W66&"-"&2,'リスト'!$B:$D,3,FALSE),"") -> 湖山池ＴＣ | AA67: )
B68: =IFERROR(VLOOKUP(G68,'リスト'!$E$2:$F$109,2,FALSE),"") -> 48 | C68: =IFERROR(VLOOKUP(B68&"-"&1,'リスト'!$B:$D,2,FALSE),"") -> 藤田 和幸 | D68: ( | E68: =IFERROR(VLOOKUP(B68&"-"&1,'リスト'!$B:$D,3,FALSE),"") -> フリー | F68: ) | G68: L4 | K68: ='対戦順'!J47 -> 6 | T68: ='対戦順'!J44 -> 1 | V68: D4 | W68: =IFERROR(VLOOKUP(V68,'リスト'!$E$2:$F$109,2,FALSE),"") -> 16 | X68: =IFERROR(VLOOKUP(W68&"-"&1,'リスト'!$B:$D,2,FALSE),"") -> 羽馬 由和 | Y68: ( | Z68: =IFERROR(VLOOKUP(W68&"-"&1,'リスト'!$B:$D,3,FALSE),"") -> オレンジ | AA68: )
C69: =IFERROR(VLOOKUP(B68&"-"&2,'リスト'!$B:$D,2,FALSE),"") -> 藤田 美和 | D69: ( | E69: =IFERROR(VLOOKUP(B68&"-"&2,'リスト'!$B:$D,3,FALSE),"") -> フリー | F69: ) | I69: ='対戦順'!I41 -> 6 | R69: ='対戦順'!I49 -> 6 | X69: =IFERROR(VLOOKUP(W68&"-"&2,'リスト'!$B:$D,2,FALSE),"") -> 杉原 三奈 | Y69: ( | Z69: =IFERROR(VLOOKUP(W68&"-"&2,'リスト'!$B:$D,3,FALSE),"") -> ジュピター | AA69: )
B70: =IFERROR(VLOOKUP(G70,'リスト'!$E$2:$F$109,2,FALSE),"") -> 40 | C70: =IFERROR(VLOOKUP(B70&"-"&1,'リスト'!$B:$D,2,FALSE),"") -> 高木 克憲 | D70: ( | E70: =IFERROR(VLOOKUP(B70&"-"&1,'リスト'!$B:$D,3,FALSE),"") -> ｏｆｆ | F70: ) | G70: J4 | I70: ='対戦順'!J41 -> 1 | R70: ='対戦順'!J49 -> 7 | V70: I 4 | W70: =IFERROR(VLOOKUP(V70,'リスト'!$E$2:$F$109,2,FALSE),"") -> 36 | X70: =IFERROR(VLOOKUP(W70&"-"&1,'リスト'!$B:$D,2,FALSE),"") -> 西口 幸雄 | Y70: ( | Z70: =IFERROR(VLOOKUP(W70&"-"&1,'リスト'!$B:$D,3,FALSE),"") -> プラセール | AA70: )
C71: =IFERROR(VLOOKUP(B70&"-"&2,'リスト'!$B:$D,2,FALSE),"") -> 田中 好美 | D71: ( | E71: =IFERROR(VLOOKUP(B70&"-"&2,'リスト'!$B:$D,3,FALSE),"") -> あみたま | F71: ) | T71: ='対戦順'!I45 -> 6 | X71: =IFERROR(VLOOKUP(W70&"-"&2,'リスト'!$B:$D,2,FALSE),"") -> 西口 栄子 | Y71: ( | Z71: =IFERROR(VLOOKUP(W70&"-"&2,'リスト'!$B:$D,3,FALSE),"") -> プラセール | AA71: )
T72: ='対戦順'!J45 -> 1 | V72: B4 | W72: =IFERROR(VLOOKUP(V72,'リスト'!$E$2:$F$109,2,FALSE),"") -> 8 | X72: =IFERROR(VLOOKUP(W72&"-"&1,'リスト'!$B:$D,2,FALSE),"") -> 津田 智広 | Y72: ( | Z72: =IFERROR(VLOOKUP(W72&"-"&1,'リスト'!$B:$D,3,FALSE),"") -> ノーレット７ | AA72: )
X73: =IFERROR(VLOOKUP(W72&"-"&2,'リスト'!$B:$D,2,FALSE),"") -> 米谷 さおり | Y73: ( | Z73: =IFERROR(VLOOKUP(W72&"-"&2,'リスト'!$B:$D,3,FALSE),"") -> フリー | AA73: )

Sheet 審判用紙（手入力） 
A1: 審 判 用 紙
H3: =TRIM('予選'!A1) -> サンプル | AF3: 令和7年9月23日
A4: 種 目 | G4: 4・5位トーナメント | T4: 回 戦 | Z4: 決勝
A8: コート№ | G8: 2 | M8: 試合方法 | R8: 6ゲームマッチ （6-6タイブレーク） ノーアドバンテージ | AA8: 開始時間 | AF8: 0.39583333
A13: エントリー№ | G13: No. | K13: 5 | W13: No. | AA13: 3
A15: 選 手 氏 名 | G15: =IFERROR(VLOOKUP(K13&"-"&1,'リスト'!$B:$D,2,FALSE),"") -> 常村 和仁 | P15: ( | Q15: =IFERROR(VLOOKUP(K13&"-"&1,'リスト'!$B:$D,3,FALSE),"") -> 完熟オレンジ | V15: ) | W15: =IFERROR(VLOOKUP(AA13&"-"&1,'リスト'!$B:$D,2,FALSE),"") -> 西山 禎侑 | AF15: ( | AG15: =IFERROR(VLOOKUP(AA13&"-"&1,'リスト'!$B:$D,3,FALSE),"") -> ｄｏＭｅ | AL15: )
G18: =IFERROR(VLOOKUP(K13&"-"&2,'リスト'!$B:$D,2,FALSE),"") -> 前田 良枝 | P18: ( | Q18: =IFERROR(VLOOKUP(K13&"-"&2,'リスト'!$B:$D,3,FALSE),"") -> Ｚｏｎｅ | V18: ) | W18: =IFERROR(VLOOKUP(AA13&"-"&2,'リスト'!$B:$D,2,FALSE),"") -> 小林 さえ子 | AF18: ( | AG18: =IFERROR(VLOOKUP(AA13&"-"&2,'リスト'!$B:$D,3,FALSE),"") -> カプリス | AL18: )
A21: ス コ ア | V21: ―
A26: （ＴＢ） | T26: （ | X26: ）
Z29: 9

Sheet 審判用紙（自動）
A1: 審 判 用 紙
H3: =TRIM('予選'!A1) -> サンプル | AF3: 令和7年9月23日
A4: 種 目 | G4: 4位・5位トーナメント | T4: 回 戦 | Z4: 1回線
A8: コート№ | M8: 試合方法 | R8: 6ゲームマッチ （6-6タイブレーク） ノーアドバンテージ | AA8: 開始時間
A13: エントリー№ | G13: No. | K13: 20 | W13: No. | AA13: 49
A15: 選 手 氏 名 | G15: =IFERROR(VLOOKUP(K13&"-"&1,'リスト'!$B:$D,2,FALSE),"") -> 町田 正雄 | P15: ( | Q15: =IFERROR(VLOOKUP(K13&"-"&1,'リスト'!$B:$D,3,FALSE),"") -> 因幡打輪 | V15: ) | W15: =IFERROR(VLOOKUP(AA13&"-"&1,'リスト'!$B:$D,2,FALSE),"") -> 清水 貴志 | AF15: ( | AG15: =IFERROR(VLOOKUP(AA13&"-"&1,'リスト'!$B:$D,3,FALSE),"") -> フリー | AL15: )
G18: =IFERROR(VLOOKUP(K13&"-"&2,'リスト'!$B:$D,2,FALSE),"") -> 町田 聖子 | P18: ( | Q18: =IFERROR(VLOOKUP(K13&"-"&2,'リスト'!$B:$D,3,FALSE),"") -> 因幡打輪 | V18: ) | W18: =IFERROR(VLOOKUP(AA13&"-"&2,'リスト'!$B:$D,2,FALSE),"") -> 大田 陽子 | AF18: ( | AG18: =IFERROR(VLOOKUP(AA13&"-"&2,'リスト'!$B:$D,3,FALSE),"") -> たんぽぽ | AL18: )
A21: ス コ ア | V21: ―
A26: （ＴＢ） | T26: （ | X26: ）
Z29: 鳥取市テニス協会
